,time_elapsed,simulationTypeNumber,seed,learning_rate,n_pattern,n_pattern_features,max_epochs,energy_exponent,preset_simulation,Learning was complete at epoch #,Theoretical: random-walk efficiency,Simulated: efficiency (m_perc/m_min),Simulated-Theoretical efficiency difference,Theoretical: minimum energy for learning,Simulated: energy actually used by learning,Simulated-Theoretical min difference for learning,Energy expended by simulations for consolidations,Energy expended by simulations for maintenance,Energy expended total,(seen) NLL,(seen) Accuracy,(seen) Precision,(seen) Sensitivity,(seen) Specificity,(unseen) NLL,(unseen) Accuracy,(unseen) Precision,(unseen) Sensitivity,(unseen) Specificity,weights_initialised_as,cache_algorithm,max_size_of_transient_memory,maintenance_cost_of_transient_memory
4,0.36208176612854004,2,0,0.2,250,250,1000,1,1,9,7006.239,1883.081,-5123.158,343.6,2226.681,1883.081,78.68,34.84,113.52,0.8292616875182227%,48.4%,48.4%,100.0%,0.0%,0.8372616875182227%,47.6%,47.6%,100.0%,0.0%,zeros,local-global,0.4050303030303031,0.1
7,0.4070916175842285,3,0,0.2,250,250,1000,1,1,10,7006.239,2279.365,-4726.874,345.2,2624.565,2279.365,105.44,61.571,167.011,0.8292616875182227%,48.4%,48.4%,100.0%,0.0%,0.8372616875182227%,47.6%,47.6%,100.0%,0.0%,zeros,local-global,0.8090606060606061,0.1
6,0.4521019458770752,2,2,0.2,250,250,1000,1,1,11,7006.239,1993.819,-5012.42,325.2,2319.019,1993.819,88.64,49.61,138.25,0.8132616875182227%,50.0%,50.0%,100.0%,0.0%,0.7972616875182228%,51.6%,51.6%,100.0%,0.0%,zeros,local-global,0.4050303030303031,0.1
2,0.48911023139953613,1,1,0.2,250,250,1000,1,1,12,7006.239,2085.6,-4920.639,299.6,2385.2,2085.6,55.64,0.0,55.64,0.8652616875182227%,44.8%,44.8%,100.0%,0.0%,0.8692616875182227%,44.4%,44.4%,100.0%,0.0%,zeros,local-global,0.001,0.1
9,0.5041134357452393,3,2,0.2,250,250,1000,1,1,13,7006.239,2471.552,-4534.687,392.8,2864.352,2471.552,131.796,86.311,218.107,0.8132616875182227%,50.0%,50.0%,100.0%,0.0%,0.7972616875182228%,51.6%,51.6%,100.0%,0.0%,zeros,local-global,0.8090606060606061,0.1
3,0.5521252155303955,1,2,0.2,250,250,1000,1,1,14,7006.239,1704.8,-5301.439,298.0,2002.8,1704.8,60.32,0.0,60.32,0.8132616875182227%,50.0%,50.0%,100.0%,0.0%,0.7972616875182228%,51.6%,51.6%,100.0%,0.0%,zeros,local-global,0.001,0.1
1,0.5901327133178711,1,0,0.2,250,250,1000,1,1,15,7006.239,1988.8,-5017.439,301.2,2290.0,1988.8,76.6,0.0,76.6,0.8292616875182227%,48.4%,48.4%,100.0%,0.0%,0.8372616875182227%,47.6%,47.6%,100.0%,0.0%,zeros,local-global,0.001,0.1
8,0.5741293430328369,3,1,0.2,250,250,1000,1,1,16,7006.239,3384.509,-3621.73,359.2,3743.709,3384.509,164.833,106.226,271.059,0.8652616875182227%,44.8%,44.8%,100.0%,0.0%,0.8692616875182227%,44.4%,44.4%,100.0%,0.0%,zeros,local-global,0.8090606060606061,0.1
5,0.8031809329986572,2,1,0.2,250,250,1000,1,1,22,7006.239,3823.54,-3182.699,336.4,4159.94,3823.54,185.371,82.731,268.102,0.8652616875182227%,44.8%,44.8%,100.0%,0.0%,0.8692616875182227%,44.4%,44.4%,100.0%,0.0%,zeros,local-global,0.4050303030303031,0.1
10,0.4781074523925781,4,0,0.2,250,250,1000,1,1,13,7006.239,2777.518,-4228.721,343.6,3121.118,2777.518,135.416,93.251,228.667,0.8292616875182227%,48.4%,48.4%,100.0%,0.0%,0.8372616875182227%,47.6%,47.6%,100.0%,0.0%,zeros,local-global,1.213090909090909,0.1
12,0.4591033458709717,4,2,0.2,250,250,1000,1,1,12,7006.239,2449.326,-4556.913,395.2,2844.526,2449.326,168.14,73.275,241.415,0.8132616875182227%,50.0%,50.0%,100.0%,0.0%,0.7972616875182228%,51.6%,51.6%,100.0%,0.0%,zeros,local-global,1.213090909090909,0.1
15,0.39708948135375977,5,2,0.2,250,250,1000,1,1,10,7006.239,2053.473,-4952.766,424.0,2477.473,2053.473,148.978,87.478,236.456,0.8132616875182227%,50.0%,50.0%,100.0%,0.0%,0.7972616875182228%,51.6%,51.6%,100.0%,0.0%,zeros,local-global,1.6171212121212122,0.1
14,0.42409586906433105,5,1,0.2,250,250,1000,1,1,11,7006.239,2676.277,-4329.962,351.2,3027.477,2676.277,139.705,104.501,244.206,0.8652616875182227%,44.8%,44.8%,100.0%,0.0%,0.8692616875182227%,44.4%,44.4%,100.0%,0.0%,zeros,local-global,1.6171212121212122,0.1
16,0.40008997917175293,6,0,0.2,250,250,1000,1,1,10,7006.239,2639.251,-4366.988,301.2,2940.451,2639.251,162.128,92.464,254.592,0.8292616875182227%,48.4%,48.4%,100.0%,0.0%,0.8372616875182227%,47.6%,47.6%,100.0%,0.0%,zeros,local-global,2.0211515151515154,0.1
11,0.5671274662017822,4,1,0.2,250,250,1000,1,1,15,7006.239,3601.865,-3404.374,376.8,3978.665,3601.865,205.248,103.93,309.178,0.8652616875182227%,44.8%,44.8%,100.0%,0.0%,0.8692616875182227%,44.4%,44.4%,100.0%,0.0%,zeros,local-global,1.213090909090909,0.1
17,0.4791092872619629,6,1,0.2,250,250,1000,1,1,12,7006.239,3012.254,-3993.985,337.6,3349.854,3012.254,190.487,97.877,288.364,0.8652616875182227%,44.8%,44.8%,100.0%,0.0%,0.8692616875182227%,44.4%,44.4%,100.0%,0.0%,zeros,local-global,2.0211515151515154,0.1
13,0.6921558380126953,5,0,0.2,250,250,1000,1,1,20,7006.239,3889.436,-3116.803,301.2,4190.636,3889.436,232.671,166.162,398.833,0.8292616875182227%,48.4%,48.4%,100.0%,0.0%,0.8372616875182227%,47.6%,47.6%,100.0%,0.0%,zeros,local-global,1.6171212121212122,0.1
18,0.3990895748138428,6,2,0.2,250,250,1000,1,1,10,7006.239,2511.011,-4495.228,426.4,2937.411,2511.011,162.887,118.326,281.213,0.8132616875182227%,50.0%,50.0%,100.0%,0.0%,0.7972616875182228%,51.6%,51.6%,100.0%,0.0%,zeros,local-global,2.0211515151515154,0.1
19,0.4090921878814697,7,0,0.2,250,250,1000,1,1,10,7006.239,2619.485,-4386.754,376.8,2996.285,2619.485,150.843,141.082,291.925,0.8292616875182227%,48.4%,48.4%,100.0%,0.0%,0.8372616875182227%,47.6%,47.6%,100.0%,0.0%,zeros,local-global,2.425181818181818,0.1
22,0.4100925922393799,8,0,0.2,250,250,1000,1,1,10,7006.239,2699.961,-4306.278,456.4,3156.361,2699.961,155.51,176.123,331.633,0.8292616875182227%,48.4%,48.4%,100.0%,0.0%,0.8372616875182227%,47.6%,47.6%,100.0%,0.0%,zeros,local-global,2.8292121212121213,0.1
21,0.5571253299713135,7,2,0.2,250,250,1000,1,1,14,7006.239,2734.179,-4272.06,418.8,3152.979,2734.179,164.421,178.296,342.717,0.8132616875182227%,50.0%,50.0%,100.0%,0.0%,0.7972616875182228%,51.6%,51.6%,100.0%,0.0%,zeros,local-global,2.425181818181818,0.1
24,0.5941338539123535,8,2,0.2,250,250,1000,1,1,15,7006.239,2660.107,-4346.132,468.4,3128.507,2660.107,135.709,249.138,384.847,0.8132616875182227%,50.0%,50.0%,100.0%,0.0%,0.7972616875182228%,51.6%,51.6%,100.0%,0.0%,zeros,local-global,2.8292121212121213,0.1
23,0.6991569995880127,8,1,0.2,250,250,1000,1,1,18,7006.239,3846.153,-3160.086,406.8,4252.953,3846.153,228.514,244.636,473.15,0.8652616875182227%,44.8%,44.8%,100.0%,0.0%,0.8692616875182227%,44.4%,44.4%,100.0%,0.0%,zeros,local-global,2.8292121212121213,0.1
28,0.4230942726135254,10,0,0.2,250,250,1000,1,1,10,7006.239,2491.946,-4514.293,498.0,2989.946,2491.946,156.541,191.125,347.666,0.8292616875182227%,48.4%,48.4%,100.0%,0.0%,0.8372616875182227%,47.6%,47.6%,100.0%,0.0%,zeros,local-global,3.6372727272727277,0.1
25,0.6971571445465088,9,0,0.2,250,250,1000,1,1,17,7006.239,3435.881,-3570.358,343.6,3779.481,3435.881,198.203,263.291,461.494,0.8292616875182227%,48.4%,48.4%,100.0%,0.0%,0.8372616875182227%,47.6%,47.6%,100.0%,0.0%,zeros,local-global,3.2332424242424245,0.1
20,0.8962018489837646,7,1,0.2,250,250,1000,1,1,23,7006.239,4349.933,-2656.306,355.6,4705.533,4349.933,222.327,304.082,526.409,0.8652616875182227%,44.8%,44.8%,100.0%,0.0%,0.8692616875182227%,44.4%,44.4%,100.0%,0.0%,zeros,local-global,2.425181818181818,0.1
27,0.6791529655456543,9,2,0.2,250,250,1000,1,1,17,7006.239,3095.141,-3911.098,483.6,3578.741,3095.141,164.673,294.877,459.55,0.8132616875182227%,50.0%,50.0%,100.0%,0.0%,0.7972616875182228%,51.6%,51.6%,100.0%,0.0%,zeros,local-global,3.2332424242424245,0.1
26,0.8121829032897949,9,1,0.2,250,250,1000,1,1,20,7006.239,3760.715,-3245.524,436.4,4197.115,3760.715,199.613,288.491,488.104,0.8652616875182227%,44.8%,44.8%,100.0%,0.0%,0.8692616875182227%,44.4%,44.4%,100.0%,0.0%,zeros,local-global,3.2332424242424245,0.1
31,0.4180941581726074,11,0,0.2,250,250,1000,1,1,10,7006.239,2418.718,-4587.521,398.4,2817.118,2418.718,145.937,183.083,329.02,0.8292616875182227%,48.4%,48.4%,100.0%,0.0%,0.8372616875182227%,47.6%,47.6%,100.0%,0.0%,zeros,local-global,4.041303030303031,0.1
30,0.49311113357543945,10,2,0.2,250,250,1000,1,1,12,7006.239,2618.257,-4387.982,505.6,3123.857,2618.257,151.219,254.538,405.757,0.8132616875182227%,50.0%,50.0%,100.0%,0.0%,0.7972616875182228%,51.6%,51.6%,100.0%,0.0%,zeros,local-global,3.6372727272727277,0.1
29,0.7921783924102783,10,1,0.2,250,250,1000,1,1,21,7006.239,3888.271,-3117.968,404.0,4292.271,3888.271,200.228,358.898,559.126,0.8652616875182227%,44.8%,44.8%,100.0%,0.0%,0.8692616875182227%,44.4%,44.4%,100.0%,0.0%,zeros,local-global,3.6372727272727277,0.1
33,0.48010826110839844,11,2,0.2,250,250,1000,1,1,12,7006.239,2684.669,-4321.57,518.4,3203.069,2684.669,158.152,232.289,390.441,0.8132616875182227%,50.0%,50.0%,100.0%,0.0%,0.7972616875182228%,51.6%,51.6%,100.0%,0.0%,zeros,local-global,4.041303030303031,0.1
34,0.40209078788757324,12,0,0.2,250,250,1000,1,1,10,7006.239,2448.61,-4557.629,506.0,2954.61,2448.61,144.257,237.944,382.201,0.8292616875182227%,48.4%,48.4%,100.0%,0.0%,0.8372616875182227%,47.6%,47.6%,100.0%,0.0%,zeros,local-global,4.445333333333334,0.1
36,0.38808751106262207,12,2,0.2,250,250,1000,1,1,10,7006.239,1569.047,-5437.192,420.8,1989.847,1569.047,59.906,312.211,372.117,0.8132616875182227%,50.0%,50.0%,100.0%,0.0%,0.7972616875182228%,51.6%,51.6%,100.0%,0.0%,zeros,local-global,4.445333333333334,0.1
32,0.6051361560821533,11,1,0.2,250,250,1000,1,1,16,7006.239,3400.891,-3605.348,527.6,3928.491,3400.891,180.358,328.005,508.363,0.8652616875182227%,44.8%,44.8%,100.0%,0.0%,0.8692616875182227%,44.4%,44.4%,100.0%,0.0%,zeros,local-global,4.041303030303031,0.1
35,0.5041131973266602,12,1,0.2,250,250,1000,1,1,13,7006.239,2769.517,-4236.722,512.0,3281.517,2769.517,126.401,317.29,443.691,0.8652616875182227%,44.8%,44.8%,100.0%,0.0%,0.8692616875182227%,44.4%,44.4%,100.0%,0.0%,zeros,local-global,4.445333333333334,0.1
37,0.40209054946899414,13,0,0.2,250,250,1000,1,1,10,7006.239,2647.493,-4358.746,505.2,3152.693,2647.493,164.804,218.506,383.31,0.8292616875182227%,48.4%,48.4%,100.0%,0.0%,0.8372616875182227%,47.6%,47.6%,100.0%,0.0%,zeros,local-global,4.849363636363637,0.1
38,0.48810911178588867,13,1,0.2,250,250,1000,1,1,13,7006.239,3506.662,-3499.577,299.6,3806.262,3506.662,176.176,300.97,477.146,0.8652616875182227%,44.8%,44.8%,100.0%,0.0%,0.8692616875182227%,44.4%,44.4%,100.0%,0.0%,zeros,local-global,4.849363636363637,0.1
39,0.49711179733276367,13,2,0.2,250,250,1000,1,1,13,7006.239,2869.502,-4136.737,298.0,3167.502,2869.502,129.822,294.856,424.678,0.8132616875182227%,50.0%,50.0%,100.0%,0.0%,0.7972616875182228%,51.6%,51.6%,100.0%,0.0%,zeros,local-global,4.849363636363637,0.1
42,0.47510671615600586,14,2,0.2,250,250,1000,1,1,12,7006.239,2292.797,-4713.442,298.0,2590.797,2292.797,72.062,382.25,454.312,0.8132616875182227%,50.0%,50.0%,100.0%,0.0%,0.7972616875182228%,51.6%,51.6%,100.0%,0.0%,zeros,local-global,5.25339393939394,0.1
43,0.39308834075927734,15,0,0.2,250,250,1000,1,1,10,7006.239,2849.247,-4156.992,301.2,3150.447,2849.247,165.615,194.929,360.544,0.8292616875182227%,48.4%,48.4%,100.0%,0.0%,0.8372616875182227%,47.6%,47.6%,100.0%,0.0%,zeros,local-global,5.657424242424243,0.1
45,0.35307884216308594,15,2,0.2,250,250,1000,1,1,9,7006.239,2194.612,-4811.627,298.0,2492.612,2194.612,83.296,264.56,347.856,0.8132616875182227%,50.0%,50.0%,100.0%,0.0%,0.7972616875182228%,51.6%,51.6%,100.0%,0.0%,zeros,local-global,5.657424242424243,0.1
41,0.5771298408508301,14,1,0.2,250,250,1000,1,1,15,7006.239,3458.459,-3547.78,299.6,3758.059,3458.459,140.772,370.79,511.562,0.8652616875182227%,44.8%,44.8%,100.0%,0.0%,0.8692616875182227%,44.4%,44.4%,100.0%,0.0%,zeros,local-global,5.25339393939394,0.1
40,0.6231400966644287,14,0,0.2,250,250,1000,1,1,16,7006.239,2959.179,-4047.06,301.2,3260.379,2959.179,97.669,466.742,564.411,0.8292616875182227%,48.4%,48.4%,100.0%,0.0%,0.8372616875182227%,47.6%,47.6%,100.0%,0.0%,zeros,local-global,5.25339393939394,0.1
46,0.4000895023345947,16,0,0.2,250,250,1000,1,1,10,7006.239,2516.295,-4489.944,301.2,2817.495,2516.295,125.417,241.957,367.374,0.8292616875182227%,48.4%,48.4%,100.0%,0.0%,0.8372616875182227%,47.6%,47.6%,100.0%,0.0%,zeros,local-global,6.061454545454547,0.1
44,0.5841314792633057,15,1,0.2,250,250,1000,1,1,15,7006.239,3002.384,-4003.855,299.6,3301.984,3002.384,85.525,504.442,589.967,0.8652616875182227%,44.8%,44.8%,100.0%,0.0%,0.8692616875182227%,44.4%,44.4%,100.0%,0.0%,zeros,local-global,5.657424242424243,0.1
48,0.3800852298736572,16,2,0.2,250,250,1000,1,1,9,7006.239,2259.287,-4746.952,298.0,2557.287,2259.287,86.246,285.332,371.578,0.8132616875182227%,50.0%,50.0%,100.0%,0.0%,0.7972616875182228%,51.6%,51.6%,100.0%,0.0%,zeros,local-global,6.061454545454547,0.1
52,0.46010303497314453,18,0,0.2,250,250,1000,1,1,10,7006.239,2262.897,-4743.342,301.2,2564.097,2262.897,77.626,314.812,392.438,0.8292616875182227%,48.4%,48.4%,100.0%,0.0%,0.8372616875182227%,47.6%,47.6%,100.0%,0.0%,zeros,local-global,6.869515151515152,0.1
51,0.5741291046142578,17,2,0.2,250,250,1000,1,1,13,7006.239,2562.598,-4443.641,298.0,2860.598,2562.598,88.653,382.119,470.772,0.8132616875182227%,50.0%,50.0%,100.0%,0.0%,0.7972616875182228%,51.6%,51.6%,100.0%,0.0%,zeros,local-global,6.4654848484848495,0.1
47,0.7711734771728516,16,1,0.2,250,250,1000,1,1,19,7006.239,3452.357,-3553.882,299.6,3751.957,3452.357,93.304,577.824,671.128,0.8652616875182227%,44.8%,44.8%,100.0%,0.0%,0.8692616875182227%,44.4%,44.4%,100.0%,0.0%,zeros,local-global,6.061454545454547,0.1
54,0.47710728645324707,18,2,0.2,250,250,1000,1,1,10,7006.239,2333.818,-4672.421,298.0,2631.818,2333.818,88.657,312.004,400.661,0.8132616875182227%,50.0%,50.0%,100.0%,0.0%,0.7972616875182228%,51.6%,51.6%,100.0%,0.0%,zeros,local-global,6.869515151515152,0.1
50,0.7631716728210449,17,1,0.2,250,250,1000,1,1,19,7006.239,3537.303,-3468.936,299.6,3836.903,3537.303,95.753,610.904,706.657,0.8652616875182227%,44.8%,44.8%,100.0%,0.0%,0.8692616875182227%,44.4%,44.4%,100.0%,0.0%,zeros,local-global,6.4654848484848495,0.1
49,0.7911784648895264,17,0,0.2,250,250,1000,1,1,20,7006.239,3670.41,-3335.829,301.2,3971.61,3670.41,141.369,505.523,646.892,0.8292616875182227%,48.4%,48.4%,100.0%,0.0%,0.8372616875182227%,47.6%,47.6%,100.0%,0.0%,zeros,local-global,6.4654848484848495,0.1
53,0.7331655025482178,18,1,0.2,250,250,1000,1,1,18,7006.239,3518.276,-3487.963,299.6,3817.876,3518.276,105.568,535.74,641.308,0.8652616875182227%,44.8%,44.8%,100.0%,0.0%,0.8692616875182227%,44.4%,44.4%,100.0%,0.0%,zeros,local-global,6.869515151515152,0.1
56,0.7021582126617432,19,1,0.2,250,250,1000,1,1,17,7006.239,3529.11,-3477.129,299.6,3828.71,3529.11,113.315,524.768,638.083,0.8652616875182227%,44.8%,44.8%,100.0%,0.0%,0.8692616875182227%,44.4%,44.4%,100.0%,0.0%,zeros,local-global,7.273545454545456,0.1
55,0.7861769199371338,19,0,0.2,250,250,1000,1,1,19,7006.239,2969.08,-4037.159,301.2,3270.28,2969.08,78.034,589.853,667.887,0.8292616875182227%,48.4%,48.4%,100.0%,0.0%,0.8372616875182227%,47.6%,47.6%,100.0%,0.0%,zeros,local-global,7.273545454545456,0.1
60,0.3900880813598633,20,2,0.2,250,250,1000,1,1,9,7006.239,2489.91,-4516.329,298.0,2787.91,2489.91,104.554,323.334,427.888,0.8132616875182227%,50.0%,50.0%,100.0%,0.0%,0.7972616875182228%,51.6%,51.6%,100.0%,0.0%,zeros,local-global,7.677575757575759,0.1
58,0.41709446907043457,20,0,0.2,250,250,1000,1,1,10,7006.239,2385.115,-4621.124,301.2,2686.315,2385.115,82.822,315.682,398.504,0.8292616875182227%,48.4%,48.4%,100.0%,0.0%,0.8372616875182227%,47.6%,47.6%,100.0%,0.0%,zeros,local-global,7.677575757575759,0.1
57,0.5331199169158936,19,2,0.2,250,250,1000,1,1,13,7006.239,2656.242,-4349.997,298.0,2954.242,2656.242,98.158,343.386,441.544,0.8132616875182227%,50.0%,50.0%,100.0%,0.0%,0.7972616875182228%,51.6%,51.6%,100.0%,0.0%,zeros,local-global,7.273545454545456,0.1
61,0.4160938262939453,21,0,0.2,250,250,1000,1,1,10,7006.239,2406.646,-4599.593,301.2,2707.846,2406.646,85.967,312.009,397.976,0.8292616875182227%,48.4%,48.4%,100.0%,0.0%,0.8372616875182227%,47.6%,47.6%,100.0%,0.0%,zeros,local-global,8.081606060606061,0.1
59,0.6101372241973877,20,1,0.2,250,250,1000,1,1,16,7006.239,3613.557,-3392.682,299.6,3913.157,3613.557,123.987,543.176,667.163,0.8652616875182227%,44.8%,44.8%,100.0%,0.0%,0.8692616875182227%,44.4%,44.4%,100.0%,0.0%,zeros,local-global,7.677575757575759,0.1
63,0.38008594512939453,21,2,0.2,250,250,1000,1,1,9,7006.239,2527.09,-4479.149,298.0,2825.09,2527.09,109.586,381.295,490.881,0.8132616875182227%,50.0%,50.0%,100.0%,0.0%,0.7972616875182228%,51.6%,51.6%,100.0%,0.0%,zeros,local-global,8.081606060606061,0.1
66,0.3800852298736572,22,2,0.2,250,250,1000,1,1,9,7006.239,1443.037,-5563.202,298.0,1741.037,1443.037,0.0,528.985,528.985,0.8132616875182227%,50.0%,50.0%,100.0%,0.0%,0.7972616875182228%,51.6%,51.6%,100.0%,0.0%,zeros,local-global,8.485636363636363,0.1
62,0.6281411647796631,21,1,0.2,250,250,1000,1,1,16,7006.239,3665.749,-3340.49,299.6,3965.349,3665.749,123.888,599.425,723.313,0.8652616875182227%,44.8%,44.8%,100.0%,0.0%,0.8692616875182227%,44.4%,44.4%,100.0%,0.0%,zeros,local-global,8.081606060606061,0.1
64,0.5611264705657959,22,0,0.2,250,250,1000,1,1,14,7006.239,2839.595,-4166.644,301.2,3140.795,2839.595,91.864,413.002,504.866,0.8292616875182227%,48.4%,48.4%,100.0%,0.0%,0.8372616875182227%,47.6%,47.6%,100.0%,0.0%,zeros,local-global,8.485636363636363,0.1
67,0.5491237640380859,23,0,0.2,250,250,1000,1,1,14,7006.239,2843.229,-4163.01,301.2,3144.429,2843.229,92.581,408.472,501.053,0.8292616875182227%,48.4%,48.4%,100.0%,0.0%,0.8372616875182227%,47.6%,47.6%,100.0%,0.0%,zeros,local-global,8.889666666666667,0.1
69,0.376084566116333,23,2,0.2,250,250,1000,1,1,9,7006.239,1443.037,-5563.202,298.0,1741.037,1443.037,0.0,528.985,528.985,0.8132616875182227%,50.0%,50.0%,100.0%,0.0%,0.7972616875182228%,51.6%,51.6%,100.0%,0.0%,zeros,local-global,8.889666666666667,0.1
70,0.5041131973266602,24,0,0.2,250,250,1000,1,1,13,7006.239,2791.699,-4214.54,301.2,3092.899,2791.699,92.917,367.265,460.182,0.8292616875182227%,48.4%,48.4%,100.0%,0.0%,0.8372616875182227%,47.6%,47.6%,100.0%,0.0%,zeros,local-global,9.29369696969697,0.1
72,0.3720841407775879,24,2,0.2,250,250,1000,1,1,9,7006.239,1443.037,-5563.202,298.0,1741.037,1443.037,0.0,528.985,528.985,0.8132616875182227%,50.0%,50.0%,100.0%,0.0%,0.7972616875182228%,51.6%,51.6%,100.0%,0.0%,zeros,local-global,9.29369696969697,0.1
65,0.7791755199432373,22,1,0.2,250,250,1000,1,1,21,7006.239,4096.357,-2909.882,299.6,4395.957,4096.357,127.524,868.996,996.52,0.8652616875182227%,44.8%,44.8%,100.0%,0.0%,0.8692616875182227%,44.4%,44.4%,100.0%,0.0%,zeros,local-global,8.485636363636363,0.1
68,0.7831759452819824,23,1,0.2,250,250,1000,1,1,21,7006.239,4099.993,-2906.246,299.6,4399.593,4099.993,127.738,869.941,997.679,0.8652616875182227%,44.8%,44.8%,100.0%,0.0%,0.8692616875182227%,44.4%,44.4%,100.0%,0.0%,zeros,local-global,8.889666666666667,0.1
75,0.36008119583129883,25,2,0.2,250,250,1000,1,1,9,7006.239,1443.037,-5563.202,298.0,1741.037,1443.037,0.0,528.985,528.985,0.8132616875182227%,50.0%,50.0%,100.0%,0.0%,0.7972616875182228%,51.6%,51.6%,100.0%,0.0%,zeros,local-global,9.697727272727272,0.1
73,0.5231177806854248,25,0,0.2,250,250,1000,1,1,14,7006.239,2892.652,-4113.587,301.2,3193.852,2892.652,93.795,386.816,480.611,0.8292616875182227%,48.4%,48.4%,100.0%,0.0%,0.8372616875182227%,47.6%,47.6%,100.0%,0.0%,zeros,local-global,9.697727272727272,0.1
71,0.7721738815307617,24,1,0.2,250,250,1000,1,1,21,7006.239,2775.724,-4230.515,299.6,3075.324,2775.724,0.0,1337.487,1337.487,0.8652616875182227%,44.8%,44.8%,100.0%,0.0%,0.8692616875182227%,44.4%,44.4%,100.0%,0.0%,zeros,local-global,9.29369696969697,0.1
76,0.5001115798950195,26,0,0.2,250,250,1000,1,1,14,7006.239,2894.578,-4111.661,301.2,3195.778,2894.578,94.507,382.12,476.627,0.8292616875182227%,48.4%,48.4%,100.0%,0.0%,0.8372616875182227%,47.6%,47.6%,100.0%,0.0%,zeros,local-global,10.101757575757576,0.1
78,0.33107566833496094,26,2,0.2,250,250,1000,1,1,9,7006.239,1443.037,-5563.202,298.0,1741.037,1443.037,0.0,528.985,528.985,0.8132616875182227%,50.0%,50.0%,100.0%,0.0%,0.7972616875182228%,51.6%,51.6%,100.0%,0.0%,zeros,local-global,10.101757575757576,0.1
74,0.7471683025360107,25,1,0.2,250,250,1000,1,1,21,7006.239,2775.724,-4230.515,299.6,3075.324,2775.724,0.0,1337.487,1337.487,0.8652616875182227%,44.8%,44.8%,100.0%,0.0%,0.8692616875182227%,44.4%,44.4%,100.0%,0.0%,zeros,local-global,9.697727272727272,0.1
79,0.46910572052001953,27,0,0.2,250,250,1000,1,1,12,7006.239,2991.688,-4014.551,301.2,3292.888,2991.688,109.692,436.572,546.264,0.8292616875182227%,48.4%,48.4%,100.0%,0.0%,0.8372616875182227%,47.6%,47.6%,100.0%,0.0%,zeros,local-global,10.50578787878788,0.1
81,0.3630814552307129,27,2,0.2,250,250,1000,1,1,9,7006.239,1443.037,-5563.202,298.0,1741.037,1443.037,0.0,528.985,528.985,0.8132616875182227%,50.0%,50.0%,100.0%,0.0%,0.7972616875182228%,51.6%,51.6%,100.0%,0.0%,zeros,local-global,10.50578787878788,0.1
82,0.4481015205383301,28,0,0.2,250,250,1000,1,1,12,7006.239,2976.543,-4029.696,301.2,3277.743,2976.543,113.663,493.653,607.316,0.8292616875182227%,48.4%,48.4%,100.0%,0.0%,0.8372616875182227%,47.6%,47.6%,100.0%,0.0%,zeros,local-global,10.909818181818183,0.1
84,0.36208271980285645,28,2,0.2,250,250,1000,1,1,9,7006.239,1443.037,-5563.202,298.0,1741.037,1443.037,0.0,528.985,528.985,0.8132616875182227%,50.0%,50.0%,100.0%,0.0%,0.7972616875182228%,51.6%,51.6%,100.0%,0.0%,zeros,local-global,10.909818181818183,0.1
77,0.7481687068939209,26,1,0.2,250,250,1000,1,1,21,7006.239,2775.724,-4230.515,299.6,3075.324,2775.724,0.0,1337.487,1337.487,0.8652616875182227%,44.8%,44.8%,100.0%,0.0%,0.8692616875182227%,44.4%,44.4%,100.0%,0.0%,zeros,local-global,10.101757575757576,0.1
85,0.4671051502227783,29,0,0.2,250,250,1000,1,1,12,7006.239,1891.636,-5114.603,301.2,2192.836,1891.636,0.0,698.673,698.673,0.8292616875182227%,48.4%,48.4%,100.0%,0.0%,0.8372616875182227%,47.6%,47.6%,100.0%,0.0%,zeros,local-global,11.313848484848485,0.1
80,0.7341649532318115,27,1,0.2,250,250,1000,1,1,21,7006.239,2775.724,-4230.515,299.6,3075.324,2775.724,0.0,1337.487,1337.487,0.8652616875182227%,44.8%,44.8%,100.0%,0.0%,0.8692616875182227%,44.4%,44.4%,100.0%,0.0%,zeros,local-global,10.50578787878788,0.1
87,0.36008143424987793,29,2,0.2,250,250,1000,1,1,9,7006.239,1443.037,-5563.202,298.0,1741.037,1443.037,0.0,528.985,528.985,0.8132616875182227%,50.0%,50.0%,100.0%,0.0%,0.7972616875182228%,51.6%,51.6%,100.0%,0.0%,zeros,local-global,11.313848484848485,0.1
88,0.4410994052886963,30,0,0.2,250,250,1000,1,1,12,7006.239,1891.636,-5114.603,301.2,2192.836,1891.636,0.0,698.673,698.673,0.8292616875182227%,48.4%,48.4%,100.0%,0.0%,0.8372616875182227%,47.6%,47.6%,100.0%,0.0%,zeros,local-global,11.717878787878789,0.1
83,0.7311644554138184,28,1,0.2,250,250,1000,1,1,21,7006.239,2775.724,-4230.515,299.6,3075.324,2775.724,0.0,1337.487,1337.487,0.8652616875182227%,44.8%,44.8%,100.0%,0.0%,0.8692616875182227%,44.4%,44.4%,100.0%,0.0%,zeros,local-global,10.909818181818183,0.1
90,0.3410770893096924,30,2,0.2,250,250,1000,1,1,9,7006.239,1443.037,-5563.202,298.0,1741.037,1443.037,0.0,528.985,528.985,0.8132616875182227%,50.0%,50.0%,100.0%,0.0%,0.7972616875182228%,51.6%,51.6%,100.0%,0.0%,zeros,local-global,11.717878787878789,0.1
91,0.4721057415008545,31,0,0.2,250,250,1000,1,1,12,7006.239,1891.636,-5114.603,301.2,2192.836,1891.636,0.0,698.673,698.673,0.8292616875182227%,48.4%,48.4%,100.0%,0.0%,0.8372616875182227%,47.6%,47.6%,100.0%,0.0%,zeros,local-global,12.121909090909092,0.1
93,0.3780853748321533,31,2,0.2,250,250,1000,1,1,9,7006.239,1443.037,-5563.202,298.0,1741.037,1443.037,0.0,528.985,528.985,0.8132616875182227%,50.0%,50.0%,100.0%,0.0%,0.7972616875182228%,51.6%,51.6%,100.0%,0.0%,zeros,local-global,12.121909090909092,0.1
86,0.7601711750030518,29,1,0.2,250,250,1000,1,1,21,7006.239,2775.724,-4230.515,299.6,3075.324,2775.724,0.0,1337.487,1337.487,0.8652616875182227%,44.8%,44.8%,100.0%,0.0%,0.8692616875182227%,44.4%,44.4%,100.0%,0.0%,zeros,local-global,11.313848484848485,0.1
94,0.4711017608642578,32,0,0.2,250,250,1000,1,1,12,7006.239,1891.636,-5114.603,301.2,2192.836,1891.636,0.0,698.673,698.673,0.8292616875182227%,48.4%,48.4%,100.0%,0.0%,0.8372616875182227%,47.6%,47.6%,100.0%,0.0%,zeros,local-global,12.525939393939394,0.1
96,0.3810858726501465,32,2,0.2,250,250,1000,1,1,9,7006.239,1443.037,-5563.202,298.0,1741.037,1443.037,0.0,528.985,528.985,0.8132616875182227%,50.0%,50.0%,100.0%,0.0%,0.7972616875182228%,51.6%,51.6%,100.0%,0.0%,zeros,local-global,12.525939393939394,0.1
89,0.7831761837005615,30,1,0.2,250,250,1000,1,1,21,7006.239,2775.724,-4230.515,299.6,3075.324,2775.724,0.0,1337.487,1337.487,0.8652616875182227%,44.8%,44.8%,100.0%,0.0%,0.8692616875182227%,44.4%,44.4%,100.0%,0.0%,zeros,local-global,11.717878787878789,0.1
97,0.47110605239868164,33,0,0.2,250,250,1000,1,1,12,7006.239,1891.636,-5114.603,301.2,2192.836,1891.636,0.0,698.673,698.673,0.8292616875182227%,48.4%,48.4%,100.0%,0.0%,0.8372616875182227%,47.6%,47.6%,100.0%,0.0%,zeros,local-global,12.929969696969698,0.1
92,0.7551703453063965,31,1,0.2,250,250,1000,1,1,21,7006.239,2775.724,-4230.515,299.6,3075.324,2775.724,0.0,1337.487,1337.487,0.8652616875182227%,44.8%,44.8%,100.0%,0.0%,0.8692616875182227%,44.4%,44.4%,100.0%,0.0%,zeros,local-global,12.121909090909092,0.1
99,0.3560805320739746,33,2,0.2,250,250,1000,1,1,9,7006.239,1443.037,-5563.202,298.0,1741.037,1443.037,0.0,528.985,528.985,0.8132616875182227%,50.0%,50.0%,100.0%,0.0%,0.7972616875182228%,51.6%,51.6%,100.0%,0.0%,zeros,local-global,12.929969696969698,0.1
100,0.463104248046875,34,0,0.2,250,250,1000,1,1,12,7006.239,1891.636,-5114.603,301.2,2192.836,1891.636,0.0,698.673,698.673,0.8292616875182227%,48.4%,48.4%,100.0%,0.0%,0.8372616875182227%,47.6%,47.6%,100.0%,0.0%,zeros,local-global,13.334000000000001,0.1
95,0.7551701068878174,32,1,0.2,250,250,1000,1,1,21,7006.239,2775.724,-4230.515,299.6,3075.324,2775.724,0.0,1337.487,1337.487,0.8652616875182227%,44.8%,44.8%,100.0%,0.0%,0.8692616875182227%,44.4%,44.4%,100.0%,0.0%,zeros,local-global,12.525939393939394,0.1
102,0.3560798168182373,34,2,0.2,250,250,1000,1,1,9,7006.239,1443.037,-5563.202,298.0,1741.037,1443.037,0.0,528.985,528.985,0.8132616875182227%,50.0%,50.0%,100.0%,0.0%,0.7972616875182228%,51.6%,51.6%,100.0%,0.0%,zeros,local-global,13.334000000000001,0.1
103,0.4541018009185791,35,0,0.2,250,250,1000,1,1,12,7006.239,1891.636,-5114.603,301.2,2192.836,1891.636,0.0,698.673,698.673,0.8292616875182227%,48.4%,48.4%,100.0%,0.0%,0.8372616875182227%,47.6%,47.6%,100.0%,0.0%,zeros,local-global,13.738030303030303,0.1
105,0.36208152770996094,35,2,0.2,250,250,1000,1,1,9,7006.239,1443.037,-5563.202,298.0,1741.037,1443.037,0.0,528.985,528.985,0.8132616875182227%,50.0%,50.0%,100.0%,0.0%,0.7972616875182228%,51.6%,51.6%,100.0%,0.0%,zeros,local-global,13.738030303030303,0.1
98,0.7811758518218994,33,1,0.2,250,250,1000,1,1,21,7006.239,2775.724,-4230.515,299.6,3075.324,2775.724,0.0,1337.487,1337.487,0.8652616875182227%,44.8%,44.8%,100.0%,0.0%,0.8692616875182227%,44.4%,44.4%,100.0%,0.0%,zeros,local-global,12.929969696969698,0.1
106,0.40609121322631836,36,0,0.2,250,250,1000,1,1,12,7006.239,1891.636,-5114.603,301.2,2192.836,1891.636,0.0,698.673,698.673,0.8292616875182227%,48.4%,48.4%,100.0%,0.0%,0.8372616875182227%,47.6%,47.6%,100.0%,0.0%,zeros,local-global,14.142060606060607,0.1
101,0.7201619148254395,34,1,0.2,250,250,1000,1,1,21,7006.239,2775.724,-4230.515,299.6,3075.324,2775.724,0.0,1337.487,1337.487,0.8652616875182227%,44.8%,44.8%,100.0%,0.0%,0.8692616875182227%,44.4%,44.4%,100.0%,0.0%,zeros,local-global,13.334000000000001,0.1
108,0.31907153129577637,36,2,0.2,250,250,1000,1,1,9,7006.239,1443.037,-5563.202,298.0,1741.037,1443.037,0.0,528.985,528.985,0.8132616875182227%,50.0%,50.0%,100.0%,0.0%,0.7972616875182228%,51.6%,51.6%,100.0%,0.0%,zeros,local-global,14.142060606060607,0.1
109,0.4481008052825928,37,0,0.2,250,250,1000,1,1,12,7006.239,1891.636,-5114.603,301.2,2192.836,1891.636,0.0,698.673,698.673,0.8292616875182227%,48.4%,48.4%,100.0%,0.0%,0.8372616875182227%,47.6%,47.6%,100.0%,0.0%,zeros,local-global,14.54609090909091,0.1
104,0.7461681365966797,35,1,0.2,250,250,1000,1,1,21,7006.239,2775.724,-4230.515,299.6,3075.324,2775.724,0.0,1337.487,1337.487,0.8652616875182227%,44.8%,44.8%,100.0%,0.0%,0.8692616875182227%,44.4%,44.4%,100.0%,0.0%,zeros,local-global,13.738030303030303,0.1
111,0.3580801486968994,37,2,0.2,250,250,1000,1,1,9,7006.239,1443.037,-5563.202,298.0,1741.037,1443.037,0.0,528.985,528.985,0.8132616875182227%,50.0%,50.0%,100.0%,0.0%,0.7972616875182228%,51.6%,51.6%,100.0%,0.0%,zeros,local-global,14.54609090909091,0.1
114,0.3470780849456787,38,2,0.2,250,250,1000,1,1,9,7006.239,1443.037,-5563.202,298.0,1741.037,1443.037,0.0,528.985,528.985,0.8132616875182227%,50.0%,50.0%,100.0%,0.0%,0.7972616875182228%,51.6%,51.6%,100.0%,0.0%,zeros,local-global,14.950121212121212,0.1
112,0.47710704803466797,38,0,0.2,250,250,1000,1,1,12,7006.239,1891.636,-5114.603,301.2,2192.836,1891.636,0.0,698.673,698.673,0.8292616875182227%,48.4%,48.4%,100.0%,0.0%,0.8372616875182227%,47.6%,47.6%,100.0%,0.0%,zeros,local-global,14.950121212121212,0.1
107,0.7691726684570312,36,1,0.2,250,250,1000,1,1,21,7006.239,2775.724,-4230.515,299.6,3075.324,2775.724,0.0,1337.487,1337.487,0.8652616875182227%,44.8%,44.8%,100.0%,0.0%,0.8692616875182227%,44.4%,44.4%,100.0%,0.0%,zeros,local-global,14.142060606060607,0.1
115,0.44409990310668945,39,0,0.2,250,250,1000,1,1,12,7006.239,1891.636,-5114.603,301.2,2192.836,1891.636,0.0,698.673,698.673,0.8292616875182227%,48.4%,48.4%,100.0%,0.0%,0.8372616875182227%,47.6%,47.6%,100.0%,0.0%,zeros,local-global,15.354151515151516,0.1
110,0.7201616764068604,37,1,0.2,250,250,1000,1,1,21,7006.239,2775.724,-4230.515,299.6,3075.324,2775.724,0.0,1337.487,1337.487,0.8652616875182227%,44.8%,44.8%,100.0%,0.0%,0.8692616875182227%,44.4%,44.4%,100.0%,0.0%,zeros,local-global,14.54609090909091,0.1
117,0.35307931900024414,39,2,0.2,250,250,1000,1,1,9,7006.239,1443.037,-5563.202,298.0,1741.037,1443.037,0.0,528.985,528.985,0.8132616875182227%,50.0%,50.0%,100.0%,0.0%,0.7972616875182228%,51.6%,51.6%,100.0%,0.0%,zeros,local-global,15.354151515151516,0.1
113,0.6971571445465088,38,1,0.2,250,250,1000,1,1,21,7006.239,2775.724,-4230.515,299.6,3075.324,2775.724,0.0,1337.487,1337.487,0.8652616875182227%,44.8%,44.8%,100.0%,0.0%,0.8692616875182227%,44.4%,44.4%,100.0%,0.0%,zeros,local-global,14.950121212121212,0.1
118,0.41109347343444824,40,0,0.2,250,250,1000,1,1,12,7006.239,1891.636,-5114.603,301.2,2192.836,1891.636,0.0,698.673,698.673,0.8292616875182227%,48.4%,48.4%,100.0%,0.0%,0.8372616875182227%,47.6%,47.6%,100.0%,0.0%,zeros,local-global,15.75818181818182,0.1
120,0.349078893661499,40,2,0.2,250,250,1000,1,1,9,7006.239,1443.037,-5563.202,298.0,1741.037,1443.037,0.0,528.985,528.985,0.8132616875182227%,50.0%,50.0%,100.0%,0.0%,0.7972616875182228%,51.6%,51.6%,100.0%,0.0%,zeros,local-global,15.75818181818182,0.1
116,0.7411658763885498,39,1,0.2,250,250,1000,1,1,21,7006.239,2775.724,-4230.515,299.6,3075.324,2775.724,0.0,1337.487,1337.487,0.8652616875182227%,44.8%,44.8%,100.0%,0.0%,0.8692616875182227%,44.4%,44.4%,100.0%,0.0%,zeros,local-global,15.354151515151516,0.1
123,0.34007692337036133,41,2,0.2,250,250,1000,1,1,9,7006.239,1443.037,-5563.202,298.0,1741.037,1443.037,0.0,528.985,528.985,0.8132616875182227%,50.0%,50.0%,100.0%,0.0%,0.7972616875182228%,51.6%,51.6%,100.0%,0.0%,zeros,local-global,16.162212121212125,0.1
121,0.47110652923583984,41,0,0.2,250,250,1000,1,1,12,7006.239,1891.636,-5114.603,301.2,2192.836,1891.636,0.0,698.673,698.673,0.8292616875182227%,48.4%,48.4%,100.0%,0.0%,0.8372616875182227%,47.6%,47.6%,100.0%,0.0%,zeros,local-global,16.162212121212125,0.1
124,0.4591033458709717,42,0,0.2,250,250,1000,1,1,12,7006.239,1891.636,-5114.603,301.2,2192.836,1891.636,0.0,698.673,698.673,0.8292616875182227%,48.4%,48.4%,100.0%,0.0%,0.8372616875182227%,47.6%,47.6%,100.0%,0.0%,zeros,local-global,16.56624242424243,0.1
126,0.3520791530609131,42,2,0.2,250,250,1000,1,1,9,7006.239,1443.037,-5563.202,298.0,1741.037,1443.037,0.0,528.985,528.985,0.8132616875182227%,50.0%,50.0%,100.0%,0.0%,0.7972616875182228%,51.6%,51.6%,100.0%,0.0%,zeros,local-global,16.56624242424243,0.1
119,0.753169059753418,40,1,0.2,250,250,1000,1,1,21,7006.239,2775.724,-4230.515,299.6,3075.324,2775.724,0.0,1337.487,1337.487,0.8652616875182227%,44.8%,44.8%,100.0%,0.0%,0.8692616875182227%,44.4%,44.4%,100.0%,0.0%,zeros,local-global,15.75818181818182,0.1
122,0.7351658344268799,41,1,0.2,250,250,1000,1,1,21,7006.239,2775.724,-4230.515,299.6,3075.324,2775.724,0.0,1337.487,1337.487,0.8652616875182227%,44.8%,44.8%,100.0%,0.0%,0.8692616875182227%,44.4%,44.4%,100.0%,0.0%,zeros,local-global,16.162212121212125,0.1
127,0.4470999240875244,43,0,0.2,250,250,1000,1,1,12,7006.239,1891.636,-5114.603,301.2,2192.836,1891.636,0.0,698.673,698.673,0.8292616875182227%,48.4%,48.4%,100.0%,0.0%,0.8372616875182227%,47.6%,47.6%,100.0%,0.0%,zeros,local-global,16.97027272727273,0.1
129,0.3380756378173828,43,2,0.2,250,250,1000,1,1,9,7006.239,1443.037,-5563.202,298.0,1741.037,1443.037,0.0,528.985,528.985,0.8132616875182227%,50.0%,50.0%,100.0%,0.0%,0.7972616875182228%,51.6%,51.6%,100.0%,0.0%,zeros,local-global,16.97027272727273,0.1
132,0.3490786552429199,44,2,0.2,250,250,1000,1,1,9,7006.239,1443.037,-5563.202,298.0,1741.037,1443.037,0.0,528.985,528.985,0.8132616875182227%,50.0%,50.0%,100.0%,0.0%,0.7972616875182228%,51.6%,51.6%,100.0%,0.0%,zeros,local-global,17.374303030303032,0.1
125,0.7271645069122314,42,1,0.2,250,250,1000,1,1,21,7006.239,2775.724,-4230.515,299.6,3075.324,2775.724,0.0,1337.487,1337.487,0.8652616875182227%,44.8%,44.8%,100.0%,0.0%,0.8692616875182227%,44.4%,44.4%,100.0%,0.0%,zeros,local-global,16.56624242424243,0.1
130,0.4701054096221924,44,0,0.2,250,250,1000,1,1,12,7006.239,1891.636,-5114.603,301.2,2192.836,1891.636,0.0,698.673,698.673,0.8292616875182227%,48.4%,48.4%,100.0%,0.0%,0.8372616875182227%,47.6%,47.6%,100.0%,0.0%,zeros,local-global,17.374303030303032,0.1
133,0.4180939197540283,45,0,0.2,250,250,1000,1,1,12,7006.239,1891.636,-5114.603,301.2,2192.836,1891.636,0.0,698.673,698.673,0.8292616875182227%,48.4%,48.4%,100.0%,0.0%,0.8372616875182227%,47.6%,47.6%,100.0%,0.0%,zeros,local-global,17.778333333333336,0.1
135,0.33707451820373535,45,2,0.2,250,250,1000,1,1,9,7006.239,1443.037,-5563.202,298.0,1741.037,1443.037,0.0,528.985,528.985,0.8132616875182227%,50.0%,50.0%,100.0%,0.0%,0.7972616875182228%,51.6%,51.6%,100.0%,0.0%,zeros,local-global,17.778333333333336,0.1
128,0.7331650257110596,43,1,0.2,250,250,1000,1,1,21,7006.239,2775.724,-4230.515,299.6,3075.324,2775.724,0.0,1337.487,1337.487,0.8652616875182227%,44.8%,44.8%,100.0%,0.0%,0.8692616875182227%,44.4%,44.4%,100.0%,0.0%,zeros,local-global,16.97027272727273,0.1
136,0.4250946044921875,46,0,0.2,250,250,1000,1,1,12,7006.239,1891.636,-5114.603,301.2,2192.836,1891.636,0.0,698.673,698.673,0.8292616875182227%,48.4%,48.4%,100.0%,0.0%,0.8372616875182227%,47.6%,47.6%,100.0%,0.0%,zeros,local-global,18.18236363636364,0.1
131,0.6791527271270752,44,1,0.2,250,250,1000,1,1,21,7006.239,2775.724,-4230.515,299.6,3075.324,2775.724,0.0,1337.487,1337.487,0.8652616875182227%,44.8%,44.8%,100.0%,0.0%,0.8692616875182227%,44.4%,44.4%,100.0%,0.0%,zeros,local-global,17.374303030303032,0.1
138,0.3410770893096924,46,2,0.2,250,250,1000,1,1,9,7006.239,1443.037,-5563.202,298.0,1741.037,1443.037,0.0,528.985,528.985,0.8132616875182227%,50.0%,50.0%,100.0%,0.0%,0.7972616875182228%,51.6%,51.6%,100.0%,0.0%,zeros,local-global,18.18236363636364,0.1
139,0.45110154151916504,47,0,0.2,250,250,1000,1,1,12,7006.239,1891.636,-5114.603,301.2,2192.836,1891.636,0.0,698.673,698.673,0.8292616875182227%,48.4%,48.4%,100.0%,0.0%,0.8372616875182227%,47.6%,47.6%,100.0%,0.0%,zeros,local-global,18.586393939393943,0.1
141,0.3720836639404297,47,2,0.2,250,250,1000,1,1,9,7006.239,1443.037,-5563.202,298.0,1741.037,1443.037,0.0,528.985,528.985,0.8132616875182227%,50.0%,50.0%,100.0%,0.0%,0.7972616875182228%,51.6%,51.6%,100.0%,0.0%,zeros,local-global,18.586393939393943,0.1
134,0.7621715068817139,45,1,0.2,250,250,1000,1,1,21,7006.239,2775.724,-4230.515,299.6,3075.324,2775.724,0.0,1337.487,1337.487,0.8652616875182227%,44.8%,44.8%,100.0%,0.0%,0.8692616875182227%,44.4%,44.4%,100.0%,0.0%,zeros,local-global,17.778333333333336,0.1
144,0.35908079147338867,48,2,0.2,250,250,1000,1,1,9,7006.239,1443.037,-5563.202,298.0,1741.037,1443.037,0.0,528.985,528.985,0.8132616875182227%,50.0%,50.0%,100.0%,0.0%,0.7972616875182228%,51.6%,51.6%,100.0%,0.0%,zeros,local-global,18.990424242424247,0.1
142,0.4651050567626953,48,0,0.2,250,250,1000,1,1,12,7006.239,1891.636,-5114.603,301.2,2192.836,1891.636,0.0,698.673,698.673,0.8292616875182227%,48.4%,48.4%,100.0%,0.0%,0.8372616875182227%,47.6%,47.6%,100.0%,0.0%,zeros,local-global,18.990424242424247,0.1
137,0.7641713619232178,46,1,0.2,250,250,1000,1,1,21,7006.239,2775.724,-4230.515,299.6,3075.324,2775.724,0.0,1337.487,1337.487,0.8652616875182227%,44.8%,44.8%,100.0%,0.0%,0.8692616875182227%,44.4%,44.4%,100.0%,0.0%,zeros,local-global,18.18236363636364,0.1
145,0.44810009002685547,49,0,0.2,250,250,1000,1,1,12,7006.239,1891.636,-5114.603,301.2,2192.836,1891.636,0.0,698.673,698.673,0.8292616875182227%,48.4%,48.4%,100.0%,0.0%,0.8372616875182227%,47.6%,47.6%,100.0%,0.0%,zeros,local-global,19.394454545454547,0.1
147,0.3600804805755615,49,2,0.2,250,250,1000,1,1,9,7006.239,1443.037,-5563.202,298.0,1741.037,1443.037,0.0,528.985,528.985,0.8132616875182227%,50.0%,50.0%,100.0%,0.0%,0.7972616875182228%,51.6%,51.6%,100.0%,0.0%,zeros,local-global,19.394454545454547,0.1
140,0.7811760902404785,47,1,0.2,250,250,1000,1,1,21,7006.239,2775.724,-4230.515,299.6,3075.324,2775.724,0.0,1337.487,1337.487,0.8652616875182227%,44.8%,44.8%,100.0%,0.0%,0.8692616875182227%,44.4%,44.4%,100.0%,0.0%,zeros,local-global,18.586393939393943,0.1
143,0.7451677322387695,48,1,0.2,250,250,1000,1,1,21,7006.239,2775.724,-4230.515,299.6,3075.324,2775.724,0.0,1337.487,1337.487,0.8652616875182227%,44.8%,44.8%,100.0%,0.0%,0.8692616875182227%,44.4%,44.4%,100.0%,0.0%,zeros,local-global,18.990424242424247,0.1
148,0.4761073589324951,50,0,0.2,250,250,1000,1,1,12,7006.239,1891.636,-5114.603,301.2,2192.836,1891.636,0.0,698.673,698.673,0.8292616875182227%,48.4%,48.4%,100.0%,0.0%,0.8372616875182227%,47.6%,47.6%,100.0%,0.0%,zeros,local-global,19.79848484848485,0.1
150,0.37108445167541504,50,2,0.2,250,250,1000,1,1,9,7006.239,1443.037,-5563.202,298.0,1741.037,1443.037,0.0,528.985,528.985,0.8132616875182227%,50.0%,50.0%,100.0%,0.0%,0.7972616875182228%,51.6%,51.6%,100.0%,0.0%,zeros,local-global,19.79848484848485,0.1
146,0.7551703453063965,49,1,0.2,250,250,1000,1,1,21,7006.239,2775.724,-4230.515,299.6,3075.324,2775.724,0.0,1337.487,1337.487,0.8652616875182227%,44.8%,44.8%,100.0%,0.0%,0.8692616875182227%,44.4%,44.4%,100.0%,0.0%,zeros,local-global,19.394454545454547,0.1
151,0.4681053161621094,51,0,0.2,250,250,1000,1,1,12,7006.239,1891.636,-5114.603,301.2,2192.836,1891.636,0.0,698.673,698.673,0.8292616875182227%,48.4%,48.4%,100.0%,0.0%,0.8372616875182227%,47.6%,47.6%,100.0%,0.0%,zeros,local-global,20.202515151515154,0.1
153,0.3700833320617676,51,2,0.2,250,250,1000,1,1,9,7006.239,1443.037,-5563.202,298.0,1741.037,1443.037,0.0,528.985,528.985,0.8132616875182227%,50.0%,50.0%,100.0%,0.0%,0.7972616875182228%,51.6%,51.6%,100.0%,0.0%,zeros,local-global,20.202515151515154,0.1
154,0.46910667419433594,52,0,0.2,250,250,1000,1,1,12,7006.239,1891.636,-5114.603,301.2,2192.836,1891.636,0.0,698.673,698.673,0.8292616875182227%,48.4%,48.4%,100.0%,0.0%,0.8372616875182227%,47.6%,47.6%,100.0%,0.0%,zeros,local-global,20.606545454545458,0.1
156,0.36808276176452637,52,2,0.2,250,250,1000,1,1,9,7006.239,1443.037,-5563.202,298.0,1741.037,1443.037,0.0,528.985,528.985,0.8132616875182227%,50.0%,50.0%,100.0%,0.0%,0.7972616875182228%,51.6%,51.6%,100.0%,0.0%,zeros,local-global,20.606545454545458,0.1
149,0.7681734561920166,50,1,0.2,250,250,1000,1,1,21,7006.239,2775.724,-4230.515,299.6,3075.324,2775.724,0.0,1337.487,1337.487,0.8652616875182227%,44.8%,44.8%,100.0%,0.0%,0.8692616875182227%,44.4%,44.4%,100.0%,0.0%,zeros,local-global,19.79848484848485,0.1
157,0.47310662269592285,53,0,0.2,250,250,1000,1,1,12,7006.239,1891.636,-5114.603,301.2,2192.836,1891.636,0.0,698.673,698.673,0.8292616875182227%,48.4%,48.4%,100.0%,0.0%,0.8372616875182227%,47.6%,47.6%,100.0%,0.0%,zeros,local-global,21.01057575757576,0.1
152,0.7711727619171143,51,1,0.2,250,250,1000,1,1,21,7006.239,2775.724,-4230.515,299.6,3075.324,2775.724,0.0,1337.487,1337.487,0.8652616875182227%,44.8%,44.8%,100.0%,0.0%,0.8692616875182227%,44.4%,44.4%,100.0%,0.0%,zeros,local-global,20.202515151515154,0.1
159,0.35107874870300293,53,2,0.2,250,250,1000,1,1,9,7006.239,1443.037,-5563.202,298.0,1741.037,1443.037,0.0,528.985,528.985,0.8132616875182227%,50.0%,50.0%,100.0%,0.0%,0.7972616875182228%,51.6%,51.6%,100.0%,0.0%,zeros,local-global,21.01057575757576,0.1
160,0.4501004219055176,54,0,0.2,250,250,1000,1,1,12,7006.239,1891.636,-5114.603,301.2,2192.836,1891.636,0.0,698.673,698.673,0.8292616875182227%,48.4%,48.4%,100.0%,0.0%,0.8372616875182227%,47.6%,47.6%,100.0%,0.0%,zeros,local-global,21.414606060606065,0.1
155,0.751168966293335,52,1,0.2,250,250,1000,1,1,21,7006.239,2775.724,-4230.515,299.6,3075.324,2775.724,0.0,1337.487,1337.487,0.8652616875182227%,44.8%,44.8%,100.0%,0.0%,0.8692616875182227%,44.4%,44.4%,100.0%,0.0%,zeros,local-global,20.606545454545458,0.1
162,0.3690834045410156,54,2,0.2,250,250,1000,1,1,9,7006.239,1443.037,-5563.202,298.0,1741.037,1443.037,0.0,528.985,528.985,0.8132616875182227%,50.0%,50.0%,100.0%,0.0%,0.7972616875182228%,51.6%,51.6%,100.0%,0.0%,zeros,local-global,21.414606060606065,0.1
163,0.467104434967041,55,0,0.2,250,250,1000,1,1,12,7006.239,1891.636,-5114.603,301.2,2192.836,1891.636,0.0,698.673,698.673,0.8292616875182227%,48.4%,48.4%,100.0%,0.0%,0.8372616875182227%,47.6%,47.6%,100.0%,0.0%,zeros,local-global,21.81863636363637,0.1
165,0.3580801486968994,55,2,0.2,250,250,1000,1,1,9,7006.239,1443.037,-5563.202,298.0,1741.037,1443.037,0.0,528.985,528.985,0.8132616875182227%,50.0%,50.0%,100.0%,0.0%,0.7972616875182228%,51.6%,51.6%,100.0%,0.0%,zeros,local-global,21.81863636363637,0.1
158,0.7821762561798096,53,1,0.2,250,250,1000,1,1,21,7006.239,2775.724,-4230.515,299.6,3075.324,2775.724,0.0,1337.487,1337.487,0.8652616875182227%,44.8%,44.8%,100.0%,0.0%,0.8692616875182227%,44.4%,44.4%,100.0%,0.0%,zeros,local-global,21.01057575757576,0.1
166,0.4611039161682129,56,0,0.2,250,250,1000,1,1,12,7006.239,1891.636,-5114.603,301.2,2192.836,1891.636,0.0,698.673,698.673,0.8292616875182227%,48.4%,48.4%,100.0%,0.0%,0.8372616875182227%,47.6%,47.6%,100.0%,0.0%,zeros,local-global,22.22266666666667,0.1
168,0.3740842342376709,56,2,0.2,250,250,1000,1,1,9,7006.239,1443.037,-5563.202,298.0,1741.037,1443.037,0.0,528.985,528.985,0.8132616875182227%,50.0%,50.0%,100.0%,0.0%,0.7972616875182228%,51.6%,51.6%,100.0%,0.0%,zeros,local-global,22.22266666666667,0.1
161,0.7651727199554443,54,1,0.2,250,250,1000,1,1,21,7006.239,2775.724,-4230.515,299.6,3075.324,2775.724,0.0,1337.487,1337.487,0.8652616875182227%,44.8%,44.8%,100.0%,0.0%,0.8692616875182227%,44.4%,44.4%,100.0%,0.0%,zeros,local-global,21.414606060606065,0.1
171,0.35107898712158203,57,2,0.2,250,250,1000,1,1,9,7006.239,1443.037,-5563.202,298.0,1741.037,1443.037,0.0,528.985,528.985,0.8132616875182227%,50.0%,50.0%,100.0%,0.0%,0.7972616875182228%,51.6%,51.6%,100.0%,0.0%,zeros,local-global,22.626696969696972,0.1
169,0.4941103458404541,57,0,0.2,250,250,1000,1,1,12,7006.239,1891.636,-5114.603,301.2,2192.836,1891.636,0.0,698.673,698.673,0.8292616875182227%,48.4%,48.4%,100.0%,0.0%,0.8372616875182227%,47.6%,47.6%,100.0%,0.0%,zeros,local-global,22.626696969696972,0.1
164,0.7841765880584717,55,1,0.2,250,250,1000,1,1,21,7006.239,2775.724,-4230.515,299.6,3075.324,2775.724,0.0,1337.487,1337.487,0.8652616875182227%,44.8%,44.8%,100.0%,0.0%,0.8692616875182227%,44.4%,44.4%,100.0%,0.0%,zeros,local-global,21.81863636363637,0.1
172,0.47110700607299805,58,0,0.2,250,250,1000,1,1,12,7006.239,1891.636,-5114.603,301.2,2192.836,1891.636,0.0,698.673,698.673,0.8292616875182227%,48.4%,48.4%,100.0%,0.0%,0.8372616875182227%,47.6%,47.6%,100.0%,0.0%,zeros,local-global,23.030727272727276,0.1
167,0.7521693706512451,56,1,0.2,250,250,1000,1,1,21,7006.239,2775.724,-4230.515,299.6,3075.324,2775.724,0.0,1337.487,1337.487,0.8652616875182227%,44.8%,44.8%,100.0%,0.0%,0.8692616875182227%,44.4%,44.4%,100.0%,0.0%,zeros,local-global,22.22266666666667,0.1
174,0.36408090591430664,58,2,0.2,250,250,1000,1,1,9,7006.239,1443.037,-5563.202,298.0,1741.037,1443.037,0.0,528.985,528.985,0.8132616875182227%,50.0%,50.0%,100.0%,0.0%,0.7972616875182228%,51.6%,51.6%,100.0%,0.0%,zeros,local-global,23.030727272727276,0.1
175,0.4541022777557373,59,0,0.2,250,250,1000,1,1,12,7006.239,1891.636,-5114.603,301.2,2192.836,1891.636,0.0,698.673,698.673,0.8292616875182227%,48.4%,48.4%,100.0%,0.0%,0.8372616875182227%,47.6%,47.6%,100.0%,0.0%,zeros,local-global,23.43475757575758,0.1
177,0.3650815486907959,59,2,0.2,250,250,1000,1,1,9,7006.239,1443.037,-5563.202,298.0,1741.037,1443.037,0.0,528.985,528.985,0.8132616875182227%,50.0%,50.0%,100.0%,0.0%,0.7972616875182228%,51.6%,51.6%,100.0%,0.0%,zeros,local-global,23.43475757575758,0.1
170,0.7681727409362793,57,1,0.2,250,250,1000,1,1,21,7006.239,2775.724,-4230.515,299.6,3075.324,2775.724,0.0,1337.487,1337.487,0.8652616875182227%,44.8%,44.8%,100.0%,0.0%,0.8692616875182227%,44.4%,44.4%,100.0%,0.0%,zeros,local-global,22.626696969696972,0.1
178,0.46210432052612305,60,0,0.2,250,250,1000,1,1,12,7006.239,1891.636,-5114.603,301.2,2192.836,1891.636,0.0,698.673,698.673,0.8292616875182227%,48.4%,48.4%,100.0%,0.0%,0.8372616875182227%,47.6%,47.6%,100.0%,0.0%,zeros,local-global,23.838787878787883,0.1
173,0.7781758308410645,58,1,0.2,250,250,1000,1,1,21,7006.239,2775.724,-4230.515,299.6,3075.324,2775.724,0.0,1337.487,1337.487,0.8652616875182227%,44.8%,44.8%,100.0%,0.0%,0.8692616875182227%,44.4%,44.4%,100.0%,0.0%,zeros,local-global,23.030727272727276,0.1
180,0.3580806255340576,60,2,0.2,250,250,1000,1,1,9,7006.239,1443.037,-5563.202,298.0,1741.037,1443.037,0.0,528.985,528.985,0.8132616875182227%,50.0%,50.0%,100.0%,0.0%,0.7972616875182228%,51.6%,51.6%,100.0%,0.0%,zeros,local-global,23.838787878787883,0.1
181,0.4671051502227783,61,0,0.2,250,250,1000,1,1,12,7006.239,1891.636,-5114.603,301.2,2192.836,1891.636,0.0,698.673,698.673,0.8292616875182227%,48.4%,48.4%,100.0%,0.0%,0.8372616875182227%,47.6%,47.6%,100.0%,0.0%,zeros,local-global,24.242818181818187,0.1
183,0.37508440017700195,61,2,0.2,250,250,1000,1,1,9,7006.239,1443.037,-5563.202,298.0,1741.037,1443.037,0.0,528.985,528.985,0.8132616875182227%,50.0%,50.0%,100.0%,0.0%,0.7972616875182228%,51.6%,51.6%,100.0%,0.0%,zeros,local-global,24.242818181818187,0.1
176,0.7661724090576172,59,1,0.2,250,250,1000,1,1,21,7006.239,2775.724,-4230.515,299.6,3075.324,2775.724,0.0,1337.487,1337.487,0.8652616875182227%,44.8%,44.8%,100.0%,0.0%,0.8692616875182227%,44.4%,44.4%,100.0%,0.0%,zeros,local-global,23.43475757575758,0.1
184,0.4831080436706543,62,0,0.2,250,250,1000,1,1,12,7006.239,1891.636,-5114.603,301.2,2192.836,1891.636,0.0,698.673,698.673,0.8292616875182227%,48.4%,48.4%,100.0%,0.0%,0.8372616875182227%,47.6%,47.6%,100.0%,0.0%,zeros,local-global,24.646848484848487,0.1
186,0.3590810298919678,62,2,0.2,250,250,1000,1,1,9,7006.239,1443.037,-5563.202,298.0,1741.037,1443.037,0.0,528.985,528.985,0.8132616875182227%,50.0%,50.0%,100.0%,0.0%,0.7972616875182228%,51.6%,51.6%,100.0%,0.0%,zeros,local-global,24.646848484848487,0.1
179,0.7841765880584717,60,1,0.2,250,250,1000,1,1,21,7006.239,2775.724,-4230.515,299.6,3075.324,2775.724,0.0,1337.487,1337.487,0.8652616875182227%,44.8%,44.8%,100.0%,0.0%,0.8692616875182227%,44.4%,44.4%,100.0%,0.0%,zeros,local-global,23.838787878787883,0.1
187,0.4771077632904053,63,0,0.2,250,250,1000,1,1,12,7006.239,1891.636,-5114.603,301.2,2192.836,1891.636,0.0,698.673,698.673,0.8292616875182227%,48.4%,48.4%,100.0%,0.0%,0.8372616875182227%,47.6%,47.6%,100.0%,0.0%,zeros,local-global,25.05087878787879,0.1
182,0.7491686344146729,61,1,0.2,250,250,1000,1,1,21,7006.239,2775.724,-4230.515,299.6,3075.324,2775.724,0.0,1337.487,1337.487,0.8652616875182227%,44.8%,44.8%,100.0%,0.0%,0.8692616875182227%,44.4%,44.4%,100.0%,0.0%,zeros,local-global,24.242818181818187,0.1
189,0.36408209800720215,63,2,0.2,250,250,1000,1,1,9,7006.239,1443.037,-5563.202,298.0,1741.037,1443.037,0.0,528.985,528.985,0.8132616875182227%,50.0%,50.0%,100.0%,0.0%,0.7972616875182228%,51.6%,51.6%,100.0%,0.0%,zeros,local-global,25.05087878787879,0.1
190,0.4701058864593506,64,0,0.2,250,250,1000,1,1,12,7006.239,1891.636,-5114.603,301.2,2192.836,1891.636,0.0,698.673,698.673,0.8292616875182227%,48.4%,48.4%,100.0%,0.0%,0.8372616875182227%,47.6%,47.6%,100.0%,0.0%,zeros,local-global,25.454909090909094,0.1
192,0.3690836429595947,64,2,0.2,250,250,1000,1,1,9,7006.239,1443.037,-5563.202,298.0,1741.037,1443.037,0.0,528.985,528.985,0.8132616875182227%,50.0%,50.0%,100.0%,0.0%,0.7972616875182228%,51.6%,51.6%,100.0%,0.0%,zeros,local-global,25.454909090909094,0.1
185,0.7591705322265625,62,1,0.2,250,250,1000,1,1,21,7006.239,2775.724,-4230.515,299.6,3075.324,2775.724,0.0,1337.487,1337.487,0.8652616875182227%,44.8%,44.8%,100.0%,0.0%,0.8692616875182227%,44.4%,44.4%,100.0%,0.0%,zeros,local-global,24.646848484848487,0.1
188,0.7211616039276123,63,1,0.2,250,250,1000,1,1,21,7006.239,2775.724,-4230.515,299.6,3075.324,2775.724,0.0,1337.487,1337.487,0.8652616875182227%,44.8%,44.8%,100.0%,0.0%,0.8692616875182227%,44.4%,44.4%,100.0%,0.0%,zeros,local-global,25.05087878787879,0.1
193,0.46210503578186035,65,0,0.2,250,250,1000,1,1,12,7006.239,1891.636,-5114.603,301.2,2192.836,1891.636,0.0,698.673,698.673,0.8292616875182227%,48.4%,48.4%,100.0%,0.0%,0.8372616875182227%,47.6%,47.6%,100.0%,0.0%,zeros,local-global,25.858939393939398,0.1
195,0.38408613204956055,65,2,0.2,250,250,1000,1,1,9,7006.239,1443.037,-5563.202,298.0,1741.037,1443.037,0.0,528.985,528.985,0.8132616875182227%,50.0%,50.0%,100.0%,0.0%,0.7972616875182228%,51.6%,51.6%,100.0%,0.0%,zeros,local-global,25.858939393939398,0.1
196,0.46010351181030273,66,0,0.2,250,250,1000,1,1,12,7006.239,1891.636,-5114.603,301.2,2192.836,1891.636,0.0,698.673,698.673,0.8292616875182227%,48.4%,48.4%,100.0%,0.0%,0.8372616875182227%,47.6%,47.6%,100.0%,0.0%,zeros,local-global,26.2629696969697,0.1
198,0.3470780849456787,66,2,0.2,250,250,1000,1,1,9,7006.239,1443.037,-5563.202,298.0,1741.037,1443.037,0.0,528.985,528.985,0.8132616875182227%,50.0%,50.0%,100.0%,0.0%,0.7972616875182228%,51.6%,51.6%,100.0%,0.0%,zeros,local-global,26.2629696969697,0.1
191,0.7561707496643066,64,1,0.2,250,250,1000,1,1,21,7006.239,2775.724,-4230.515,299.6,3075.324,2775.724,0.0,1337.487,1337.487,0.8652616875182227%,44.8%,44.8%,100.0%,0.0%,0.8692616875182227%,44.4%,44.4%,100.0%,0.0%,zeros,local-global,25.454909090909094,0.1
199,0.45110154151916504,67,0,0.2,250,250,1000,1,1,12,7006.239,1891.636,-5114.603,301.2,2192.836,1891.636,0.0,698.673,698.673,0.8292616875182227%,48.4%,48.4%,100.0%,0.0%,0.8372616875182227%,47.6%,47.6%,100.0%,0.0%,zeros,local-global,26.667000000000005,0.1
194,0.7431671619415283,65,1,0.2,250,250,1000,1,1,21,7006.239,2775.724,-4230.515,299.6,3075.324,2775.724,0.0,1337.487,1337.487,0.8652616875182227%,44.8%,44.8%,100.0%,0.0%,0.8692616875182227%,44.4%,44.4%,100.0%,0.0%,zeros,local-global,25.858939393939398,0.1
201,0.34607815742492676,67,2,0.2,250,250,1000,1,1,9,7006.239,1443.037,-5563.202,298.0,1741.037,1443.037,0.0,528.985,528.985,0.8132616875182227%,50.0%,50.0%,100.0%,0.0%,0.7972616875182228%,51.6%,51.6%,100.0%,0.0%,zeros,local-global,26.667000000000005,0.1
202,0.4741075038909912,68,0,0.2,250,250,1000,1,1,12,7006.239,1891.636,-5114.603,301.2,2192.836,1891.636,0.0,698.673,698.673,0.8292616875182227%,48.4%,48.4%,100.0%,0.0%,0.8372616875182227%,47.6%,47.6%,100.0%,0.0%,zeros,local-global,27.07103030303031,0.1
197,0.7631721496582031,66,1,0.2,250,250,1000,1,1,21,7006.239,2775.724,-4230.515,299.6,3075.324,2775.724,0.0,1337.487,1337.487,0.8652616875182227%,44.8%,44.8%,100.0%,0.0%,0.8692616875182227%,44.4%,44.4%,100.0%,0.0%,zeros,local-global,26.2629696969697,0.1
204,0.3810851573944092,68,2,0.2,250,250,1000,1,1,9,7006.239,1443.037,-5563.202,298.0,1741.037,1443.037,0.0,528.985,528.985,0.8132616875182227%,50.0%,50.0%,100.0%,0.0%,0.7972616875182228%,51.6%,51.6%,100.0%,0.0%,zeros,local-global,27.07103030303031,0.1
205,0.4971120357513428,69,0,0.2,250,250,1000,1,1,12,7006.239,1891.636,-5114.603,301.2,2192.836,1891.636,0.0,698.673,698.673,0.8292616875182227%,48.4%,48.4%,100.0%,0.0%,0.8372616875182227%,47.6%,47.6%,100.0%,0.0%,zeros,local-global,27.47506060606061,0.1
200,0.8021812438964844,67,1,0.2,250,250,1000,1,1,21,7006.239,2775.724,-4230.515,299.6,3075.324,2775.724,0.0,1337.487,1337.487,0.8652616875182227%,44.8%,44.8%,100.0%,0.0%,0.8692616875182227%,44.4%,44.4%,100.0%,0.0%,zeros,local-global,26.667000000000005,0.1
207,0.4921104907989502,69,2,0.2,250,250,1000,1,1,9,7006.239,1443.037,-5563.202,298.0,1741.037,1443.037,0.0,528.985,528.985,0.8132616875182227%,50.0%,50.0%,100.0%,0.0%,0.7972616875182228%,51.6%,51.6%,100.0%,0.0%,zeros,local-global,27.47506060606061,0.1
208,0.5941338539123535,70,0,0.2,250,250,1000,1,1,12,7006.239,1891.636,-5114.603,301.2,2192.836,1891.636,0.0,698.673,698.673,0.8292616875182227%,48.4%,48.4%,100.0%,0.0%,0.8372616875182227%,47.6%,47.6%,100.0%,0.0%,zeros,local-global,27.879090909090912,0.1
210,0.3850874900817871,70,2,0.2,250,250,1000,1,1,9,7006.239,1443.037,-5563.202,298.0,1741.037,1443.037,0.0,528.985,528.985,0.8132616875182227%,50.0%,50.0%,100.0%,0.0%,0.7972616875182228%,51.6%,51.6%,100.0%,0.0%,zeros,local-global,27.879090909090912,0.1
203,0.8221848011016846,68,1,0.2,250,250,1000,1,1,21,7006.239,2775.724,-4230.515,299.6,3075.324,2775.724,0.0,1337.487,1337.487,0.8652616875182227%,44.8%,44.8%,100.0%,0.0%,0.8692616875182227%,44.4%,44.4%,100.0%,0.0%,zeros,local-global,27.07103030303031,0.1
211,0.5651276111602783,71,0,0.2,250,250,1000,1,1,12,7006.239,1891.636,-5114.603,301.2,2192.836,1891.636,0.0,698.673,698.673,0.8292616875182227%,48.4%,48.4%,100.0%,0.0%,0.8372616875182227%,47.6%,47.6%,100.0%,0.0%,zeros,local-global,28.283121212121216,0.1
206,0.8691954612731934,69,1,0.2,250,250,1000,1,1,21,7006.239,2775.724,-4230.515,299.6,3075.324,2775.724,0.0,1337.487,1337.487,0.8652616875182227%,44.8%,44.8%,100.0%,0.0%,0.8692616875182227%,44.4%,44.4%,100.0%,0.0%,zeros,local-global,27.47506060606061,0.1
213,0.387087345123291,71,2,0.2,250,250,1000,1,1,9,7006.239,1443.037,-5563.202,298.0,1741.037,1443.037,0.0,528.985,528.985,0.8132616875182227%,50.0%,50.0%,100.0%,0.0%,0.7972616875182228%,51.6%,51.6%,100.0%,0.0%,zeros,local-global,28.283121212121216,0.1
214,0.48010897636413574,72,0,0.2,250,250,1000,1,1,12,7006.239,1891.636,-5114.603,301.2,2192.836,1891.636,0.0,698.673,698.673,0.8292616875182227%,48.4%,48.4%,100.0%,0.0%,0.8372616875182227%,47.6%,47.6%,100.0%,0.0%,zeros,local-global,28.68715151515152,0.1
216,0.38208627700805664,72,2,0.2,250,250,1000,1,1,9,7006.239,1443.037,-5563.202,298.0,1741.037,1443.037,0.0,528.985,528.985,0.8132616875182227%,50.0%,50.0%,100.0%,0.0%,0.7972616875182228%,51.6%,51.6%,100.0%,0.0%,zeros,local-global,28.68715151515152,0.1
209,0.8641948699951172,70,1,0.2,250,250,1000,1,1,21,7006.239,2775.724,-4230.515,299.6,3075.324,2775.724,0.0,1337.487,1337.487,0.8652616875182227%,44.8%,44.8%,100.0%,0.0%,0.8692616875182227%,44.4%,44.4%,100.0%,0.0%,zeros,local-global,27.879090909090912,0.1
217,0.46610426902770996,73,0,0.2,250,250,1000,1,1,12,7006.239,1891.636,-5114.603,301.2,2192.836,1891.636,0.0,698.673,698.673,0.8292616875182227%,48.4%,48.4%,100.0%,0.0%,0.8372616875182227%,47.6%,47.6%,100.0%,0.0%,zeros,local-global,29.091181818181823,0.1
212,0.7961792945861816,71,1,0.2,250,250,1000,1,1,21,7006.239,2775.724,-4230.515,299.6,3075.324,2775.724,0.0,1337.487,1337.487,0.8652616875182227%,44.8%,44.8%,100.0%,0.0%,0.8692616875182227%,44.4%,44.4%,100.0%,0.0%,zeros,local-global,28.283121212121216,0.1
219,0.3500785827636719,73,2,0.2,250,250,1000,1,1,9,7006.239,1443.037,-5563.202,298.0,1741.037,1443.037,0.0,528.985,528.985,0.8132616875182227%,50.0%,50.0%,100.0%,0.0%,0.7972616875182228%,51.6%,51.6%,100.0%,0.0%,zeros,local-global,29.091181818181823,0.1
220,0.44610095024108887,74,0,0.2,250,250,1000,1,1,12,7006.239,1891.636,-5114.603,301.2,2192.836,1891.636,0.0,698.673,698.673,0.8292616875182227%,48.4%,48.4%,100.0%,0.0%,0.8372616875182227%,47.6%,47.6%,100.0%,0.0%,zeros,local-global,29.495212121212127,0.1
215,0.7171609401702881,72,1,0.2,250,250,1000,1,1,21,7006.239,2775.724,-4230.515,299.6,3075.324,2775.724,0.0,1337.487,1337.487,0.8652616875182227%,44.8%,44.8%,100.0%,0.0%,0.8692616875182227%,44.4%,44.4%,100.0%,0.0%,zeros,local-global,28.68715151515152,0.1
222,0.33507537841796875,74,2,0.2,250,250,1000,1,1,9,7006.239,1443.037,-5563.202,298.0,1741.037,1443.037,0.0,528.985,528.985,0.8132616875182227%,50.0%,50.0%,100.0%,0.0%,0.7972616875182228%,51.6%,51.6%,100.0%,0.0%,zeros,local-global,29.495212121212127,0.1
223,0.46910595893859863,75,0,0.2,250,250,1000,1,1,12,7006.239,1891.636,-5114.603,301.2,2192.836,1891.636,0.0,698.673,698.673,0.8292616875182227%,48.4%,48.4%,100.0%,0.0%,0.8372616875182227%,47.6%,47.6%,100.0%,0.0%,zeros,local-global,29.899242424242427,0.1
225,0.3520793914794922,75,2,0.2,250,250,1000,1,1,9,7006.239,1443.037,-5563.202,298.0,1741.037,1443.037,0.0,528.985,528.985,0.8132616875182227%,50.0%,50.0%,100.0%,0.0%,0.7972616875182228%,51.6%,51.6%,100.0%,0.0%,zeros,local-global,29.899242424242427,0.1
218,0.7361657619476318,73,1,0.2,250,250,1000,1,1,21,7006.239,2775.724,-4230.515,299.6,3075.324,2775.724,0.0,1337.487,1337.487,0.8652616875182227%,44.8%,44.8%,100.0%,0.0%,0.8692616875182227%,44.4%,44.4%,100.0%,0.0%,zeros,local-global,29.091181818181823,0.1
226,0.450101375579834,76,0,0.2,250,250,1000,1,1,12,7006.239,1891.636,-5114.603,301.2,2192.836,1891.636,0.0,698.673,698.673,0.8292616875182227%,48.4%,48.4%,100.0%,0.0%,0.8372616875182227%,47.6%,47.6%,100.0%,0.0%,zeros,local-global,30.30327272727273,0.1
228,0.3430774211883545,76,2,0.2,250,250,1000,1,1,9,7006.239,1443.037,-5563.202,298.0,1741.037,1443.037,0.0,528.985,528.985,0.8132616875182227%,50.0%,50.0%,100.0%,0.0%,0.7972616875182228%,51.6%,51.6%,100.0%,0.0%,zeros,local-global,30.30327272727273,0.1
221,0.7301645278930664,74,1,0.2,250,250,1000,1,1,21,7006.239,2775.724,-4230.515,299.6,3075.324,2775.724,0.0,1337.487,1337.487,0.8652616875182227%,44.8%,44.8%,100.0%,0.0%,0.8692616875182227%,44.4%,44.4%,100.0%,0.0%,zeros,local-global,29.495212121212127,0.1
229,0.42209529876708984,77,0,0.2,250,250,1000,1,1,12,7006.239,1891.636,-5114.603,301.2,2192.836,1891.636,0.0,698.673,698.673,0.8292616875182227%,48.4%,48.4%,100.0%,0.0%,0.8372616875182227%,47.6%,47.6%,100.0%,0.0%,zeros,local-global,30.707303030303034,0.1
224,0.7381658554077148,75,1,0.2,250,250,1000,1,1,21,7006.239,2775.724,-4230.515,299.6,3075.324,2775.724,0.0,1337.487,1337.487,0.8652616875182227%,44.8%,44.8%,100.0%,0.0%,0.8692616875182227%,44.4%,44.4%,100.0%,0.0%,zeros,local-global,29.899242424242427,0.1
231,0.34407734870910645,77,2,0.2,250,250,1000,1,1,9,7006.239,1443.037,-5563.202,298.0,1741.037,1443.037,0.0,528.985,528.985,0.8132616875182227%,50.0%,50.0%,100.0%,0.0%,0.7972616875182228%,51.6%,51.6%,100.0%,0.0%,zeros,local-global,30.707303030303034,0.1
232,0.44910192489624023,78,0,0.2,250,250,1000,1,1,12,7006.239,1891.636,-5114.603,301.2,2192.836,1891.636,0.0,698.673,698.673,0.8292616875182227%,48.4%,48.4%,100.0%,0.0%,0.8372616875182227%,47.6%,47.6%,100.0%,0.0%,zeros,local-global,31.111333333333338,0.1
234,0.3540794849395752,78,2,0.2,250,250,1000,1,1,9,7006.239,1443.037,-5563.202,298.0,1741.037,1443.037,0.0,528.985,528.985,0.8132616875182227%,50.0%,50.0%,100.0%,0.0%,0.7972616875182228%,51.6%,51.6%,100.0%,0.0%,zeros,local-global,31.111333333333338,0.1
227,0.7331647872924805,76,1,0.2,250,250,1000,1,1,21,7006.239,2775.724,-4230.515,299.6,3075.324,2775.724,0.0,1337.487,1337.487,0.8652616875182227%,44.8%,44.8%,100.0%,0.0%,0.8692616875182227%,44.4%,44.4%,100.0%,0.0%,zeros,local-global,30.30327272727273,0.1
235,0.46410465240478516,79,0,0.2,250,250,1000,1,1,12,7006.239,1891.636,-5114.603,301.2,2192.836,1891.636,0.0,698.673,698.673,0.8292616875182227%,48.4%,48.4%,100.0%,0.0%,0.8372616875182227%,47.6%,47.6%,100.0%,0.0%,zeros,local-global,31.51536363636364,0.1
237,0.3650815486907959,79,2,0.2,250,250,1000,1,1,9,7006.239,1443.037,-5563.202,298.0,1741.037,1443.037,0.0,528.985,528.985,0.8132616875182227%,50.0%,50.0%,100.0%,0.0%,0.7972616875182228%,51.6%,51.6%,100.0%,0.0%,zeros,local-global,31.51536363636364,0.1
230,0.7671725749969482,77,1,0.2,250,250,1000,1,1,21,7006.239,2775.724,-4230.515,299.6,3075.324,2775.724,0.0,1337.487,1337.487,0.8652616875182227%,44.8%,44.8%,100.0%,0.0%,0.8692616875182227%,44.4%,44.4%,100.0%,0.0%,zeros,local-global,30.707303030303034,0.1
238,0.461104154586792,80,0,0.2,250,250,1000,1,1,12,7006.239,1891.636,-5114.603,301.2,2192.836,1891.636,0.0,698.673,698.673,0.8292616875182227%,48.4%,48.4%,100.0%,0.0%,0.8372616875182227%,47.6%,47.6%,100.0%,0.0%,zeros,local-global,31.919393939393945,0.1
233,0.7561705112457275,78,1,0.2,250,250,1000,1,1,21,7006.239,2775.724,-4230.515,299.6,3075.324,2775.724,0.0,1337.487,1337.487,0.8652616875182227%,44.8%,44.8%,100.0%,0.0%,0.8692616875182227%,44.4%,44.4%,100.0%,0.0%,zeros,local-global,31.111333333333338,0.1
240,0.3590810298919678,80,2,0.2,250,250,1000,1,1,9,7006.239,1443.037,-5563.202,298.0,1741.037,1443.037,0.0,528.985,528.985,0.8132616875182227%,50.0%,50.0%,100.0%,0.0%,0.7972616875182228%,51.6%,51.6%,100.0%,0.0%,zeros,local-global,31.919393939393945,0.1
241,0.4611039161682129,81,0,0.2,250,250,1000,1,1,12,7006.239,1891.636,-5114.603,301.2,2192.836,1891.636,0.0,698.673,698.673,0.8292616875182227%,48.4%,48.4%,100.0%,0.0%,0.8372616875182227%,47.6%,47.6%,100.0%,0.0%,zeros,local-global,32.323424242424245,0.1
236,0.7681727409362793,79,1,0.2,250,250,1000,1,1,21,7006.239,2775.724,-4230.515,299.6,3075.324,2775.724,0.0,1337.487,1337.487,0.8652616875182227%,44.8%,44.8%,100.0%,0.0%,0.8692616875182227%,44.4%,44.4%,100.0%,0.0%,zeros,local-global,31.51536363636364,0.1
243,0.35908079147338867,81,2,0.2,250,250,1000,1,1,9,7006.239,1443.037,-5563.202,298.0,1741.037,1443.037,0.0,528.985,528.985,0.8132616875182227%,50.0%,50.0%,100.0%,0.0%,0.7972616875182228%,51.6%,51.6%,100.0%,0.0%,zeros,local-global,32.323424242424245,0.1
244,0.4501004219055176,82,0,0.2,250,250,1000,1,1,12,7006.239,1891.636,-5114.603,301.2,2192.836,1891.636,0.0,698.673,698.673,0.8292616875182227%,48.4%,48.4%,100.0%,0.0%,0.8372616875182227%,47.6%,47.6%,100.0%,0.0%,zeros,local-global,32.72745454545455,0.1
246,0.36608242988586426,82,2,0.2,250,250,1000,1,1,9,7006.239,1443.037,-5563.202,298.0,1741.037,1443.037,0.0,528.985,528.985,0.8132616875182227%,50.0%,50.0%,100.0%,0.0%,0.7972616875182228%,51.6%,51.6%,100.0%,0.0%,zeros,local-global,32.72745454545455,0.1
239,0.770172119140625,80,1,0.2,250,250,1000,1,1,21,7006.239,2775.724,-4230.515,299.6,3075.324,2775.724,0.0,1337.487,1337.487,0.8652616875182227%,44.8%,44.8%,100.0%,0.0%,0.8692616875182227%,44.4%,44.4%,100.0%,0.0%,zeros,local-global,31.919393939393945,0.1
247,0.4721057415008545,83,0,0.2,250,250,1000,1,1,12,7006.239,1891.636,-5114.603,301.2,2192.836,1891.636,0.0,698.673,698.673,0.8292616875182227%,48.4%,48.4%,100.0%,0.0%,0.8372616875182227%,47.6%,47.6%,100.0%,0.0%,zeros,local-global,33.13148484848485,0.1
249,0.35508012771606445,83,2,0.2,250,250,1000,1,1,9,7006.239,1443.037,-5563.202,298.0,1741.037,1443.037,0.0,528.985,528.985,0.8132616875182227%,50.0%,50.0%,100.0%,0.0%,0.7972616875182228%,51.6%,51.6%,100.0%,0.0%,zeros,local-global,33.13148484848485,0.1
242,0.7691733837127686,81,1,0.2,250,250,1000,1,1,21,7006.239,2775.724,-4230.515,299.6,3075.324,2775.724,0.0,1337.487,1337.487,0.8652616875182227%,44.8%,44.8%,100.0%,0.0%,0.8692616875182227%,44.4%,44.4%,100.0%,0.0%,zeros,local-global,32.323424242424245,0.1
250,0.46410512924194336,84,0,0.2,250,250,1000,1,1,12,7006.239,1891.636,-5114.603,301.2,2192.836,1891.636,0.0,698.673,698.673,0.8292616875182227%,48.4%,48.4%,100.0%,0.0%,0.8372616875182227%,47.6%,47.6%,100.0%,0.0%,zeros,local-global,33.535515151515156,0.1
245,0.7731747627258301,82,1,0.2,250,250,1000,1,1,21,7006.239,2775.724,-4230.515,299.6,3075.324,2775.724,0.0,1337.487,1337.487,0.8652616875182227%,44.8%,44.8%,100.0%,0.0%,0.8692616875182227%,44.4%,44.4%,100.0%,0.0%,zeros,local-global,32.72745454545455,0.1
252,0.36208152770996094,84,2,0.2,250,250,1000,1,1,9,7006.239,1443.037,-5563.202,298.0,1741.037,1443.037,0.0,528.985,528.985,0.8132616875182227%,50.0%,50.0%,100.0%,0.0%,0.7972616875182228%,51.6%,51.6%,100.0%,0.0%,zeros,local-global,33.535515151515156,0.1
253,0.44409990310668945,85,0,0.2,250,250,1000,1,1,12,7006.239,1891.636,-5114.603,301.2,2192.836,1891.636,0.0,698.673,698.673,0.8292616875182227%,48.4%,48.4%,100.0%,0.0%,0.8372616875182227%,47.6%,47.6%,100.0%,0.0%,zeros,local-global,33.93954545454545,0.1
255,0.3650820255279541,85,2,0.2,250,250,1000,1,1,9,7006.239,1443.037,-5563.202,298.0,1741.037,1443.037,0.0,528.985,528.985,0.8132616875182227%,50.0%,50.0%,100.0%,0.0%,0.7972616875182228%,51.6%,51.6%,100.0%,0.0%,zeros,local-global,33.93954545454545,0.1
248,0.7771749496459961,83,1,0.2,250,250,1000,1,1,21,7006.239,2775.724,-4230.515,299.6,3075.324,2775.724,0.0,1337.487,1337.487,0.8652616875182227%,44.8%,44.8%,100.0%,0.0%,0.8692616875182227%,44.4%,44.4%,100.0%,0.0%,zeros,local-global,33.13148484848485,0.1
256,0.47310638427734375,86,0,0.2,250,250,1000,1,1,12,7006.239,1891.636,-5114.603,301.2,2192.836,1891.636,0.0,698.673,698.673,0.8292616875182227%,48.4%,48.4%,100.0%,0.0%,0.8372616875182227%,47.6%,47.6%,100.0%,0.0%,zeros,local-global,34.343575757575756,0.1
258,0.36808300018310547,86,2,0.2,250,250,1000,1,1,9,7006.239,1443.037,-5563.202,298.0,1741.037,1443.037,0.0,528.985,528.985,0.8132616875182227%,50.0%,50.0%,100.0%,0.0%,0.7972616875182228%,51.6%,51.6%,100.0%,0.0%,zeros,local-global,34.343575757575756,0.1
251,0.7791757583618164,84,1,0.2,250,250,1000,1,1,21,7006.239,2775.724,-4230.515,299.6,3075.324,2775.724,0.0,1337.487,1337.487,0.8652616875182227%,44.8%,44.8%,100.0%,0.0%,0.8692616875182227%,44.4%,44.4%,100.0%,0.0%,zeros,local-global,33.535515151515156,0.1
259,0.49110960960388184,87,0,0.2,250,250,1000,1,1,12,7006.239,1891.636,-5114.603,301.2,2192.836,1891.636,0.0,698.673,698.673,0.8292616875182227%,48.4%,48.4%,100.0%,0.0%,0.8372616875182227%,47.6%,47.6%,100.0%,0.0%,zeros,local-global,34.74760606060606,0.1
254,0.7831764221191406,85,1,0.2,250,250,1000,1,1,21,7006.239,2775.724,-4230.515,299.6,3075.324,2775.724,0.0,1337.487,1337.487,0.8652616875182227%,44.8%,44.8%,100.0%,0.0%,0.8692616875182227%,44.4%,44.4%,100.0%,0.0%,zeros,local-global,33.93954545454545,0.1
261,0.3980896472930908,87,2,0.2,250,250,1000,1,1,9,7006.239,1443.037,-5563.202,298.0,1741.037,1443.037,0.0,528.985,528.985,0.8132616875182227%,50.0%,50.0%,100.0%,0.0%,0.7972616875182228%,51.6%,51.6%,100.0%,0.0%,zeros,local-global,34.74760606060606,0.1
262,0.4871091842651367,88,0,0.2,250,250,1000,1,1,12,7006.239,1891.636,-5114.603,301.2,2192.836,1891.636,0.0,698.673,698.673,0.8292616875182227%,48.4%,48.4%,100.0%,0.0%,0.8372616875182227%,47.6%,47.6%,100.0%,0.0%,zeros,local-global,35.151636363636364,0.1
257,0.7771761417388916,86,1,0.2,250,250,1000,1,1,21,7006.239,2775.724,-4230.515,299.6,3075.324,2775.724,0.0,1337.487,1337.487,0.8652616875182227%,44.8%,44.8%,100.0%,0.0%,0.8692616875182227%,44.4%,44.4%,100.0%,0.0%,zeros,local-global,34.343575757575756,0.1
264,0.3520791530609131,88,2,0.2,250,250,1000,1,1,9,7006.239,1443.037,-5563.202,298.0,1741.037,1443.037,0.0,528.985,528.985,0.8132616875182227%,50.0%,50.0%,100.0%,0.0%,0.7972616875182228%,51.6%,51.6%,100.0%,0.0%,zeros,local-global,35.151636363636364,0.1
265,0.4811081886291504,89,0,0.2,250,250,1000,1,1,12,7006.239,1891.636,-5114.603,301.2,2192.836,1891.636,0.0,698.673,698.673,0.8292616875182227%,48.4%,48.4%,100.0%,0.0%,0.8372616875182227%,47.6%,47.6%,100.0%,0.0%,zeros,local-global,35.55566666666667,0.1
267,0.3430778980255127,89,2,0.2,250,250,1000,1,1,9,7006.239,1443.037,-5563.202,298.0,1741.037,1443.037,0.0,528.985,528.985,0.8132616875182227%,50.0%,50.0%,100.0%,0.0%,0.7972616875182228%,51.6%,51.6%,100.0%,0.0%,zeros,local-global,35.55566666666667,0.1
260,0.7911782264709473,87,1,0.2,250,250,1000,1,1,21,7006.239,2775.724,-4230.515,299.6,3075.324,2775.724,0.0,1337.487,1337.487,0.8652616875182227%,44.8%,44.8%,100.0%,0.0%,0.8692616875182227%,44.4%,44.4%,100.0%,0.0%,zeros,local-global,34.74760606060606,0.1
268,0.44409990310668945,90,0,0.2,250,250,1000,1,1,12,7006.239,1891.636,-5114.603,301.2,2192.836,1891.636,0.0,698.673,698.673,0.8292616875182227%,48.4%,48.4%,100.0%,0.0%,0.8372616875182227%,47.6%,47.6%,100.0%,0.0%,zeros,local-global,35.95969696969697,0.1
270,0.361081600189209,90,2,0.2,250,250,1000,1,1,9,7006.239,1443.037,-5563.202,298.0,1741.037,1443.037,0.0,528.985,528.985,0.8132616875182227%,50.0%,50.0%,100.0%,0.0%,0.7972616875182228%,51.6%,51.6%,100.0%,0.0%,zeros,local-global,35.95969696969697,0.1
263,0.763171911239624,88,1,0.2,250,250,1000,1,1,21,7006.239,2775.724,-4230.515,299.6,3075.324,2775.724,0.0,1337.487,1337.487,0.8652616875182227%,44.8%,44.8%,100.0%,0.0%,0.8692616875182227%,44.4%,44.4%,100.0%,0.0%,zeros,local-global,35.151636363636364,0.1
271,0.44910216331481934,91,0,0.2,250,250,1000,1,1,12,7006.239,1891.636,-5114.603,301.2,2192.836,1891.636,0.0,698.673,698.673,0.8292616875182227%,48.4%,48.4%,100.0%,0.0%,0.8372616875182227%,47.6%,47.6%,100.0%,0.0%,zeros,local-global,36.363727272727274,0.1
273,0.3540804386138916,91,2,0.2,250,250,1000,1,1,9,7006.239,1443.037,-5563.202,298.0,1741.037,1443.037,0.0,528.985,528.985,0.8132616875182227%,50.0%,50.0%,100.0%,0.0%,0.7972616875182228%,51.6%,51.6%,100.0%,0.0%,zeros,local-global,36.363727272727274,0.1
266,0.7491693496704102,89,1,0.2,250,250,1000,1,1,21,7006.239,2775.724,-4230.515,299.6,3075.324,2775.724,0.0,1337.487,1337.487,0.8652616875182227%,44.8%,44.8%,100.0%,0.0%,0.8692616875182227%,44.4%,44.4%,100.0%,0.0%,zeros,local-global,35.55566666666667,0.1
274,0.4631040096282959,92,0,0.2,250,250,1000,1,1,12,7006.239,1891.636,-5114.603,301.2,2192.836,1891.636,0.0,698.673,698.673,0.8292616875182227%,48.4%,48.4%,100.0%,0.0%,0.8372616875182227%,47.6%,47.6%,100.0%,0.0%,zeros,local-global,36.76775757575758,0.1
269,0.7481682300567627,90,1,0.2,250,250,1000,1,1,21,7006.239,2775.724,-4230.515,299.6,3075.324,2775.724,0.0,1337.487,1337.487,0.8652616875182227%,44.8%,44.8%,100.0%,0.0%,0.8692616875182227%,44.4%,44.4%,100.0%,0.0%,zeros,local-global,35.95969696969697,0.1
276,0.3560807704925537,92,2,0.2,250,250,1000,1,1,9,7006.239,1443.037,-5563.202,298.0,1741.037,1443.037,0.0,528.985,528.985,0.8132616875182227%,50.0%,50.0%,100.0%,0.0%,0.7972616875182228%,51.6%,51.6%,100.0%,0.0%,zeros,local-global,36.76775757575758,0.1
277,0.45310235023498535,93,0,0.2,250,250,1000,1,1,12,7006.239,1891.636,-5114.603,301.2,2192.836,1891.636,0.0,698.673,698.673,0.8292616875182227%,48.4%,48.4%,100.0%,0.0%,0.8372616875182227%,47.6%,47.6%,100.0%,0.0%,zeros,local-global,37.17178787878788,0.1
279,0.3650825023651123,93,2,0.2,250,250,1000,1,1,9,7006.239,1443.037,-5563.202,298.0,1741.037,1443.037,0.0,528.985,528.985,0.8132616875182227%,50.0%,50.0%,100.0%,0.0%,0.7972616875182228%,51.6%,51.6%,100.0%,0.0%,zeros,local-global,37.17178787878788,0.1
272,0.7571699619293213,91,1,0.2,250,250,1000,1,1,21,7006.239,2775.724,-4230.515,299.6,3075.324,2775.724,0.0,1337.487,1337.487,0.8652616875182227%,44.8%,44.8%,100.0%,0.0%,0.8692616875182227%,44.4%,44.4%,100.0%,0.0%,zeros,local-global,36.363727272727274,0.1
280,0.4721064567565918,94,0,0.2,250,250,1000,1,1,12,7006.239,1891.636,-5114.603,301.2,2192.836,1891.636,0.0,698.673,698.673,0.8292616875182227%,48.4%,48.4%,100.0%,0.0%,0.8372616875182227%,47.6%,47.6%,100.0%,0.0%,zeros,local-global,37.575818181818185,0.1
275,0.7391664981842041,92,1,0.2,250,250,1000,1,1,21,7006.239,2775.724,-4230.515,299.6,3075.324,2775.724,0.0,1337.487,1337.487,0.8652616875182227%,44.8%,44.8%,100.0%,0.0%,0.8692616875182227%,44.4%,44.4%,100.0%,0.0%,zeros,local-global,36.76775757575758,0.1
282,0.35508012771606445,94,2,0.2,250,250,1000,1,1,9,7006.239,1443.037,-5563.202,298.0,1741.037,1443.037,0.0,528.985,528.985,0.8132616875182227%,50.0%,50.0%,100.0%,0.0%,0.7972616875182228%,51.6%,51.6%,100.0%,0.0%,zeros,local-global,37.575818181818185,0.1
283,0.46410441398620605,95,0,0.2,250,250,1000,1,1,12,7006.239,1891.636,-5114.603,301.2,2192.836,1891.636,0.0,698.673,698.673,0.8292616875182227%,48.4%,48.4%,100.0%,0.0%,0.8372616875182227%,47.6%,47.6%,100.0%,0.0%,zeros,local-global,37.97984848484849,0.1
278,0.7561702728271484,93,1,0.2,250,250,1000,1,1,21,7006.239,2775.724,-4230.515,299.6,3075.324,2775.724,0.0,1337.487,1337.487,0.8652616875182227%,44.8%,44.8%,100.0%,0.0%,0.8692616875182227%,44.4%,44.4%,100.0%,0.0%,zeros,local-global,37.17178787878788,0.1
285,0.35908055305480957,95,2,0.2,250,250,1000,1,1,9,7006.239,1443.037,-5563.202,298.0,1741.037,1443.037,0.0,528.985,528.985,0.8132616875182227%,50.0%,50.0%,100.0%,0.0%,0.7972616875182228%,51.6%,51.6%,100.0%,0.0%,zeros,local-global,37.97984848484849,0.1
288,0.34407711029052734,96,2,0.2,250,250,1000,1,1,9,7006.239,1443.037,-5563.202,298.0,1741.037,1443.037,0.0,528.985,528.985,0.8132616875182227%,50.0%,50.0%,100.0%,0.0%,0.7972616875182228%,51.6%,51.6%,100.0%,0.0%,zeros,local-global,38.38387878787879,0.1
286,0.44910097122192383,96,0,0.2,250,250,1000,1,1,12,7006.239,1891.636,-5114.603,301.2,2192.836,1891.636,0.0,698.673,698.673,0.8292616875182227%,48.4%,48.4%,100.0%,0.0%,0.8372616875182227%,47.6%,47.6%,100.0%,0.0%,zeros,local-global,38.38387878787879,0.1
281,0.7341644763946533,94,1,0.2,250,250,1000,1,1,21,7006.239,2775.724,-4230.515,299.6,3075.324,2775.724,0.0,1337.487,1337.487,0.8652616875182227%,44.8%,44.8%,100.0%,0.0%,0.8692616875182227%,44.4%,44.4%,100.0%,0.0%,zeros,local-global,37.575818181818185,0.1
289,0.47510719299316406,97,0,0.2,250,250,1000,1,1,12,7006.239,1891.636,-5114.603,301.2,2192.836,1891.636,0.0,698.673,698.673,0.8292616875182227%,48.4%,48.4%,100.0%,0.0%,0.8372616875182227%,47.6%,47.6%,100.0%,0.0%,zeros,local-global,38.78790909090909,0.1
284,0.7501692771911621,95,1,0.2,250,250,1000,1,1,21,7006.239,2775.724,-4230.515,299.6,3075.324,2775.724,0.0,1337.487,1337.487,0.8652616875182227%,44.8%,44.8%,100.0%,0.0%,0.8692616875182227%,44.4%,44.4%,100.0%,0.0%,zeros,local-global,37.97984848484849,0.1
291,0.36008119583129883,97,2,0.2,250,250,1000,1,1,9,7006.239,1443.037,-5563.202,298.0,1741.037,1443.037,0.0,528.985,528.985,0.8132616875182227%,50.0%,50.0%,100.0%,0.0%,0.7972616875182228%,51.6%,51.6%,100.0%,0.0%,zeros,local-global,38.78790909090909,0.1
294,0.338076114654541,98,2,0.2,250,250,1000,1,1,9,7006.239,1443.037,-5563.202,298.0,1741.037,1443.037,0.0,528.985,528.985,0.8132616875182227%,50.0%,50.0%,100.0%,0.0%,0.7972616875182228%,51.6%,51.6%,100.0%,0.0%,zeros,local-global,39.19193939393939,0.1
292,0.4681050777435303,98,0,0.2,250,250,1000,1,1,12,7006.239,1891.636,-5114.603,301.2,2192.836,1891.636,0.0,698.673,698.673,0.8292616875182227%,48.4%,48.4%,100.0%,0.0%,0.8372616875182227%,47.6%,47.6%,100.0%,0.0%,zeros,local-global,39.19193939393939,0.1
287,0.7531702518463135,96,1,0.2,250,250,1000,1,1,21,7006.239,2775.724,-4230.515,299.6,3075.324,2775.724,0.0,1337.487,1337.487,0.8652616875182227%,44.8%,44.8%,100.0%,0.0%,0.8692616875182227%,44.4%,44.4%,100.0%,0.0%,zeros,local-global,38.38387878787879,0.1
295,0.4671053886413574,99,0,0.2,250,250,1000,1,1,12,7006.239,1891.636,-5114.603,301.2,2192.836,1891.636,0.0,698.673,698.673,0.8292616875182227%,48.4%,48.4%,100.0%,0.0%,0.8372616875182227%,47.6%,47.6%,100.0%,0.0%,zeros,local-global,39.595969696969696,0.1
297,0.3270738124847412,99,2,0.2,250,250,1000,1,1,9,7006.239,1443.037,-5563.202,298.0,1741.037,1443.037,0.0,528.985,528.985,0.8132616875182227%,50.0%,50.0%,100.0%,0.0%,0.7972616875182228%,51.6%,51.6%,100.0%,0.0%,zeros,local-global,39.595969696969696,0.1
290,0.7411658763885498,97,1,0.2,250,250,1000,1,1,21,7006.239,2775.724,-4230.515,299.6,3075.324,2775.724,0.0,1337.487,1337.487,0.8652616875182227%,44.8%,44.8%,100.0%,0.0%,0.8692616875182227%,44.4%,44.4%,100.0%,0.0%,zeros,local-global,38.78790909090909,0.1
298,0.42909693717956543,100,0,0.2,250,250,1000,1,1,12,7006.239,1891.636,-5114.603,301.2,2192.836,1891.636,0.0,698.673,698.673,0.8292616875182227%,48.4%,48.4%,100.0%,0.0%,0.8372616875182227%,47.6%,47.6%,100.0%,0.0%,zeros,local-global,40.0,0.1
300,0.31507110595703125,100,2,0.2,250,250,1000,1,1,9,7006.239,1443.037,-5563.202,298.0,1741.037,1443.037,0.0,528.985,528.985,0.8132616875182227%,50.0%,50.0%,100.0%,0.0%,0.7972616875182228%,51.6%,51.6%,100.0%,0.0%,zeros,local-global,40.0,0.1
293,0.7311649322509766,98,1,0.2,250,250,1000,1,1,21,7006.239,2775.724,-4230.515,299.6,3075.324,2775.724,0.0,1337.487,1337.487,0.8652616875182227%,44.8%,44.8%,100.0%,0.0%,0.8692616875182227%,44.4%,44.4%,100.0%,0.0%,zeros,local-global,39.19193939393939,0.1
296,0.6961567401885986,99,1,0.2,250,250,1000,1,1,21,7006.239,2775.724,-4230.515,299.6,3075.324,2775.724,0.0,1337.487,1337.487,0.8652616875182227%,44.8%,44.8%,100.0%,0.0%,0.8692616875182227%,44.4%,44.4%,100.0%,0.0%,zeros,local-global,39.595969696969696,0.1
299,0.6261410713195801,100,1,0.2,250,250,1000,1,1,21,7006.239,2775.724,-4230.515,299.6,3075.324,2775.724,0.0,1337.487,1337.487,0.8652616875182227%,44.8%,44.8%,100.0%,0.0%,0.8692616875182227%,44.4%,44.4%,100.0%,0.0%,zeros,local-global,40.0,0.1
